DataCode,RecType,RecYear,Species,Mar_2,Mar_9,Mar_16,Mar_23,Mar_30,Apr_6,Apr_13,Apr_20,Apr_27,May_4,May_11,May_18,May_25,Jun_1,Jun_8,Jun_15,Jun_22,Jun_29,Jul_6,Jul_13,Jul_20,Jul_27,Aug_3,Aug_10,Aug_17,Aug_24,Aug_31,Sep_7,Sep_14,Sep_21,Sep_28,Oct_5,Oct_12,Oct_19,Oct_26,Nov_2,Nov_9,Nov_16,Nov_23,Nov_30,Dec_7,Dec_14,Dec_21,Dec_28,Jan_5,Jan_12,Jan_19,Jan_26,Feb_2,Feb_9,Feb_16,Feb_23
cbc01,1,1984,mowb,0,0,0,0,0,0,0,0,0,0,0,0,0,x,0,0,0,0,0,0,0,0,0,0,0,0,0,x,0,0,0,0,0,0,0,0,0,0,0,0,0,0,0,0,0,0,0,0,0,0,0,0
cbc01,1,1984,paru,0,0,0,0,0,0,0,0,0,x,0,0,0,0,0,0,0,0,0,0,0,0,0,0,0,0,0,0,0,0,0,0,0,0,0,0,0,0,0,0,0,0,0,0,0,0,0,0,0,0,0,0
cbc01,1,1984,nawb,0,0,0,0,0,0,0,0,x,x,x,0,0,0,0,0,0,0,0,0,0,0,0,0,0,0,0,x,x,x,x,x,x,0,x,0,0,0,0,0,0,0,0,0,0,0,0,0,0,0,0,0
cbc01,1,1984,ocwb,0,0,0,0,0,0,0,0,x,x,x,0,0,0,0,0,0,0,0,0,0,0,0,0,0,0,0,0,x,x,x,x,x,x,x,0,0,0,0,0,0,0,0,0,0,0,0,0,0,0,0,0
cbc01,1,1984,tnwb,0,0,0,0,0,0,0,0,0,x,x,x,x,0,0,0,0,0,0,0,0,0,0,0,0,0,0,0,0,0,0,0,0,0,0,0,0,0,0,0,0,0,0,0,0,0,0,0,0,0,0,0
cbc01,1,1984,revo,0,0,0,0,0,0,0,0,0,x,x,x,x,x,x,x,0,0,0,0,x,0,0,0,0,0,x,x,0,0,0,0,0,0,0,0,0,0,0,0,0,0,0,0,0,0,0,0,0,0,0,0
cbc01,1,1984,phvo,0,0,0,0,0,0,0,0,0,0,0,0,0,0,0,0,0,0,0,0,0,0,0,0,0,0,0,0,x,0,0,0,0,0,0,0,0,0,0,0,0,0,0,0,0,0,0,0,0,0,0,0
cbc01,1,1984,wavo,0,0,0,0,0,x,x,0,x,x,x,x,x,x,x,x,x,0,0,0,0,0,0,0,0,0,x,x,x,0,0,0,0,0,0,0,0,0,0,0,0,0,0,0,0,0,0,0,0,0,0,0
cbc01,1,1984,stvo,0,0,0,0,0,0,0,0,0,x,0,0,0,0,0,0,0,0,0,0,0,0,0,0,0,0,0,0,x,0,x,x,x,0,0,0,0,0,0,0,0,0,0,0,0,0,0,0,0,0,0,0
cbc01,1,1984,blvo,0,0,0,0,0,0,0,0,0,x,x,x,x,n,x,n,x,n,n,x,x,x,x,x,x,x,x,x,x,0,0,0,0,0,0,0,0,0,0,0,0,0,0,0,0,0,0,0,0,0,0,0
cbc01,1,1984,wevo,0,0,0,0,0,0,0,0,0,0,0,0,0,0,0,0,0,0,0,x,0,x,0,0,0,0,0,0,0,0,0,0,0,0,0,0,0,0,0,0,0,0,0,0,0,0,0,0,0,0,0,0
cbc01,1,1984,ylwb,0,0,0,0,0,0,0,0,0,x,x,x,0,0,0,0,0,0,0,0,0,0,0,0,0,x,x,0,0,0,0,0,0,0,0,0,0,0,0,0,0,0,0,0,0,0,0,0,0,0,0,0
cbc01,1,1984,cswb,0,0,0,0,0,0,0,0,0,0,x,0,0,0,0,0,0,0,0,0,0,0,0,0,0,0,0,0,0,0,0,0,0,0,0,0,0,0,0,0,0,0,0,0,0,0,0,0,0,0,0,0
cbc01,1,1984,mawb,0,0,0,0,0,0,0,0,0,x,0,x,0,0,0,0,0,0,0,0,0,0,0,0,0,0,0,0,0,0,0,0,x,0,0,0,0,0,0,0,0,0,0,0,0,0,0,0,0,0,0,0
cbc01,1,1984,kywb,0,0,0,0,0,0,0,0,0,0,x,x,0,0,0,0,x,0,0,0,0,x,0,0,0,x,x,0,0,0,0,0,0,0,0,0,0,0,0,0,0,0,0,0,0,0,0,0,0,0,0,0
cbc01,1,1984,lwth,0,0,0,0,0,x,x,x,0,x,x,x,x,x,x,n,0,x,x,0,0,x,x,x,0,x,x,0,0,0,0,0,0,0,0,0,0,0,0,0,0,0,0,0,0,0,0,0,0,0,0,0
cbc01,1,1984,oven,0,0,0,0,0,0,0,0,0,x,x,x,0,0,0,0,0,0,0,0,0,0,0,0,0,0,0,0,x,0,0,0,0,0,0,0,0,0,0,0,0,0,0,0,0,0,0,0,0,0,0,0
cbc01,1,1984,reds,0,0,0,0,0,0,0,0,0,0,x,0,0,0,0,0,0,0,0,0,0,0,0,0,0,0,x,x,0,0,0,0,0,0,0,0,0,0,0,0,0,0,0,0,0,0,0,0,0,0,0,0
cbc01,1,1984,bwwb,0,0,0,0,0,0,0,x,x,x,x,0,0,0,0,0,0,0,0,0,0,0,0,0,0,0,x,0,0,0,0,0,0,0,0,0,0,0,0,0,0,0,0,0,0,0,0,0,0,0,0,0
cbc01,1,1984,bpwb,0,0,0,0,0,0,0,0,0,x,x,0,0,0,0,0,0,0,0,0,0,0,0,0,0,0,0,0,0,0,0,0,0,0,0,0,0,0,0,0,0,0,0,0,0,0,0,0,0,0,0,0
cbc01,1,1984,plwb,0,0,0,0,0,0,0,0,0,0,0,0,0,0,0,0,0,0,0,0,0,0,0,0,0,0,0,0,0,x,x,0,0,0,0,0,0,0,0,0,0,0,0,0,0,0,0,0,0,0,0,0
cbc01,1,1984,blwb,0,0,0,0,0,0,0,0,0,x,0,0,0,0,0,0,0,0,0,0,0,0,0,0,0,0,0,0,0,0,0,0,0,0,0,0,0,0,0,0,0,0,0,0,0,0,0,0,0,0,0,0
cbc01,1,1984,bgwb,0,0,0,0,0,0,0,0,0,0,x,0,0,0,0,0,0,0,0,0,0,0,0,0,0,0,0,0,0,0,0,x,x,0,x,0,0,0,0,0,0,0,0,0,0,0,0,0,0,0,0,0
cbc01,1,1984,yrwb,0,0,0,0,0,0,0,x,x,x,x,0,0,0,0,0,0,0,0,0,0,0,0,0,0,0,0,0,0,x,x,x,x,x,x,x,x,0,0,0,0,0,0,0,0,0,0,0,0,0,0,0
cbc01,1,1984,star,x,x,x,x,x,x,n,n,n,x,x,n,x,n,n,x,x,x,x,x,x,x,x,x,x,x,x,x,x,x,x,x,x,x,x,x,x,x,x,x,x,x,x,x,x,0,x,x,0,0,x,0
cbc01,1,1984,lshr,0,x,x,x,x,x,x,x,0,n,n,n,n,n,0,x,x,0,x,x,x,0,0,x,0,x,x,x,0,x,x,0,x,0,x,x,0,0,0,x,0,0,0,0,x,x,0,0,x,0,0,0
cbc01,1,1984,cwax,0,0,0,0,0,x,0,0,0,x,0,0,x,0,0,0,0,0,0,0,0,0,0,0,0,0,0,0,0,0,0,0,0,0,0,x,x,x,0,0,x,x,0,0,0,0,0,0,0,0,0,0
cbc01,1,1984,bggn,0,0,0,0,0,x,x,x,x,n,x,x,x,x,x,x,0,x,x,x,0,x,x,x,x,0,x,0,x,0,0,0,0,0,0,0,0,0,0,0,0,0,0,0,0,0,0,0,0,0,0,0
cbc01,1,1984,rckt,0,0,0,0,0,x,x,x,x,x,x,0,0,0,x,0,0,0,0,0,0,0,0,0,0,0,0,0,x,x,x,x,x,x,x,0,0,0,0,0,0,0,0,0,0,0,0,0,0,0,0,0
cbc01,1,1984,gckt,0,0,0,0,0,0,x,0,0,0,0,0,0,0,0,0,0,0,0,0,0,0,0,0,0,0,0,0,0,0,0,x,0,x,x,x,x,x,x,x,x,x,x,x,x,0,x,x,x,x,0,0
cbc01,1,1984,mwrn,0,0,0,0,0,0,0,0,0,0,0,0,0,0,0,0,0,0,0,0,0,0,0,0,0,0,0,0,x,0,x,0,0,0,0,0,0,0,0,0,0,0,0,0,0,0,0,0,0,0,0,0
cbc01,1,1984,swrn,0,0,0,0,0,0,0,0,x,0,0,0,0,0,0,0,0,0,x,x,x,x,x,x,0,x,x,0,0,0,x,x,x,0,0,0,0,0,0,0,0,0,0,0,0,0,0,0,0,0,0,0
cbc01,1,1984,wwrn,0,0,x,x,0,x,x,0,0,0,0,0,0,0,0,0,0,0,0,0,0,0,0,0,0,0,0,0,0,x,x,0,0,x,0,0,x,x,x,x,0,x,x,x,0,0,x,0,0,0,0,0
cbc01,1,1984,hwrn,0,0,0,0,x,0,x,x,x,x,x,x,x,n,n,n,n,x,n,x,n,x,x,x,x,x,x,x,x,x,x,x,x,0,0,0,0,0,0,0,0,0,0,0,0,0,0,0,0,0,0,0
cbc01,1,1984,bwrn,x,0,x,x,x,x,x,x,x,x,x,x,n,n,x,n,x,x,x,x,x,x,x,0,x,x,x,x,x,x,x,x,0,x,0,x,x,0,0,x,x,0,x,0,0,0,0,0,0,0,0,x
cbc01,1,1984,cwrn,0,0,0,0,0,0,0,0,0,0,0,0,0,0,0,0,0,0,0,0,0,0,0,0,x,0,0,x,0,0,0,0,0,0,x,0,0,0,0,0,0,x,0,0,0,0,0,0,0,0,0,0
cbc01,1,1984,rwrn,0,0,0,0,0,0,0,0,0,0,0,0,0,0,0,0,0,0,0,0,0,0,0,0,0,0,0,0,0,0,0,0,x,0,0,0,0,0,0,0,0,0,0,0,0,0,0,0,0,0,0,0
cbc01,1,1984,eblu,x,x,x,x,x,x,x,n,x,x,n,x,n,n,n,n,n,x,x,x,x,x,x,x,x,x,x,x,x,x,x,x,x,x,x,x,x,x,x,x,x,x,x,0,x,0,x,0,0,x,x,x
cbc01,1,1984,tsol,0,0,0,0,0,0,0,0,0,0,0,0,0,0,0,0,0,0,0,0,0,0,0,0,0,0,0,0,0,0,0,0,0,0,0,0,0,0,0,0,0,0,0,0,0,0,0,0,0,0,0,0
cbc01,1,1984,very,0,0,0,0,0,0,0,0,0,0,0,x,0,0,0,0,0,0,0,0,0,0,0,0,0,0,0,0,0,0,0,0,0,0,0,0,0,0,0,0,0,0,0,0,0,0,0,0,0,0,0,0
cbc01,1,1984,spip,0,0,0,0,0,0,0,0,0,0,0,0,0,0,0,0,0,0,0,0,0,0,0,0,0,0,0,0,0,0,0,x,0,0,0,0,0,0,0,0,0,0,0,0,0,0,0,0,0,0,0,0
cbc01,1,1984,wpip,0,0,0,0,0,0,0,0,0,x,0,0,0,0,0,0,0,0,0,0,0,0,0,0,0,0,0,0,x,x,0,0,0,0,0,0,0,0,0,0,0,0,0,0,0,0,0,0,0,0,0,0
cbc01,1,1984,thra,0,0,0,0,x,0,x,x,x,n,n,n,n,n,n,n,n,n,n,n,n,x,x,x,x,x,x,x,x,x,x,x,x,0,0,0,0,0,0,0,0,0,0,0,0,0,0,0,0,0,0,0
cbc01,1,1984,mock,0,0,x,0,0,x,x,x,0,x,x,x,x,0,x,0,x,0,0,x,0,0,0,x,0,x,0,0,0,0,x,0,0,0,0,x,0,0,0,0,0,0,0,0,0,0,0,0,0,0,0,0
cbc01,1,1984,catb,0,0,0,0,0,0,0,0,x,0,x,x,x,x,x,x,n,x,n,n,0,0,0,x,x,0,x,x,x,0,x,0,x,0,0,0,0,0,0,0,0,0,0,0,0,0,0,0,0,0,0,0
cbc01,1,1984,robn,x,x,x,x,x,x,x,x,x,x,x,n,n,n,n,n,x,n,x,x,x,x,x,x,x,x,x,x,x,x,x,x,x,x,x,x,x,x,x,x,x,x,x,x,x,x,x,x,x,x,0,x
cbc01,1,1984,wthr,0,0,0,0,0,0,0,0,0,0,0,0,0,0,0,0,0,0,0,0,0,0,0,0,0,0,0,0,0,0,0,0,x,0,0,0,0,0,0,0,0,0,0,0,0,0,0,0,0,0,0,0
cbc01,1,1984,hthr,0,0,0,0,0,0,0,0,0,0,0,0,0,0,0,0,0,0,0,0,0,0,0,0,0,0,0,0,0,0,0,x,0,0,x,0,0,0,0,0,0,0,0,0,0,0,0,0,0,0,0,0
cbc01,1,1984,sthr,0,0,0,0,0,0,0,0,x,x,x,x,x,x,0,0,0,0,0,0,0,0,0,0,0,0,0,0,0,0,0,0,0,0,0,0,0,0,0,0,0,0,0,0,0,0,0,0,0,0,0,0
cbc01,1,1984,gthr,0,0,0,0,0,0,0,0,0,0,x,0,0,0,0,0,0,0,0,0,0,0,0,0,0,0,0,0,0,0,0,0,0,0,0,0,0,0,0,0,0,0,0,0,0,0,0,0,0,0,0,0
cbc01,1,1984,brcp,x,x,x,x,x,x,x,x,x,0,0,0,0,0,0,0,0,0,0,0,0,0,0,0,0,0,0,0,0,0,0,0,x,x,x,x,x,0,x,x,0,x,x,x,x,0,x,x,x,x,x,0
cbc01,1,1984,ythr,0,0,0,0,0,x,0,x,x,x,x,x,x,n,x,x,x,x,x,n,x,x,x,0,x,x,0,x,x,x,x,x,0,0,0,0,0,0,0,0,0,0,0,0,0,0,0,0,0,0,0,0
cbc01,1,1984,hous,x,x,x,x,x,x,x,x,x,n,x,n,x,n,x,x,x,n,x,x,x,x,x,x,x,x,x,x,x,x,x,x,x,x,x,x,x,x,x,x,x,0,x,x,x,x,x,x,x,x,x,x
cbc01,1,1984,rwbb,x,x,x,x,x,x,x,x,x,x,n,x,n,n,n,n,n,n,n,x,x,x,x,x,x,0,x,x,x,x,x,x,x,x,x,x,x,x,x,0,x,x,x,x,x,0,0,x,x,x,x,x
cbc01,1,1984,bobk,0,0,0,0,0,0,0,0,0,0,0,0,0,0,x,0,0,0,0,0,0,0,0,0,0,0,0,0,0,0,0,0,0,0,0,0,0,0,0,0,0,0,0,0,0,0,0,0,0,0,0,0
cbc01,1,1984,snbu,0,0,0,0,0,0,0,0,0,0,0,0,0,0,0,0,0,0,0,0,0,0,0,0,0,0,0,0,0,0,0,0,0,0,0,0,0,0,0,0,0,0,0,0,0,x,0,0,0,0,0,0
cbc01,1,1984,chcl,0,0,x,0,0,0,0,0,0,0,0,0,0,0,0,0,0,0,0,0,0,0,0,0,0,0,0,0,0,0,0,0,0,0,0,0,0,0,0,0,0,0,0,0,0,0,0,0,0,0,0,0
cbc01,1,1984,smil,0,0,x,0,0,0,0,0,0,0,0,0,0,0,0,0,0,0,0,0,0,0,0,0,0,0,0,0,0,0,0,0,0,0,0,x,0,0,0,0,0,0,0,0,0,0,0,0,0,x,0,0
cbc01,1,1984,lapl,0,0,0,0,0,0,0,0,0,0,0,0,0,0,0,0,0,0,0,0,0,0,0,0,0,0,0,0,0,0,0,0,0,0,0,0,0,0,0,0,0,x,0,0,0,0,0,0,0,x,0,0
cbc01,1,1984,orju,0,x,0,0,0,0,0,0,0,0,0,0,0,0,0,0,0,0,0,0,0,0,0,0,0,0,0,0,0,0,0,0,0,0,0,x,x,0,x,0,x,x,0,0,0,0,0,x,x,x,0,0
cbc01,1,1984,deju,x,x,x,x,x,x,x,x,0,0,0,0,0,0,0,0,0,0,0,0,0,0,0,0,0,0,0,0,0,0,0,x,x,x,x,x,x,x,x,x,x,x,x,x,x,x,x,x,x,x,x,x
cbc01,1,1984,hars,x,x,x,x,x,x,x,x,x,x,x,0,x,0,0,0,0,0,0,0,0,0,0,0,0,0,0,0,0,0,0,0,x,x,x,x,x,x,x,x,0,x,x,x,0,0,0,0,x,x,0,x
cbc01,1,1984,whcs,0,0,0,0,0,0,0,0,0,x,x,0,0,0,0,0,0,0,0,0,0,0,0,0,0,0,0,0,0,0,0,x,x,x,x,x,0,x,0,0,0,0,0,0,0,0,0,0,0,0,0,0
cbc01,1,1984,emdl,x,x,x,x,x,x,x,n,x,n,n,n,n,n,n,n,n,n,n,n,n,x,n,x,x,x,x,x,x,x,x,x,x,x,x,x,x,x,0,x,0,0,0,0,x,0,x,x,0,0,x,x
cbc01,1,1984,wmdl,x,0,0,x,x,0,x,x,0,0,x,0,x,0,0,0,x,0,0,x,0,0,0,0,0,0,0,0,0,x,0,0,x,0,0,0,0,0,0,0,0,0,0,0,0,0,0,0,0,0,0,0
cbc01,1,1984,yhbb,0,0,0,0,0,0,0,0,0,0,0,0,0,0,0,0,0,0,0,0,0,0,0,0,0,0,x,0,0,0,0,0,0,0,0,0,0,0,0,0,0,0,0,0,0,0,0,0,0,0,0,0
cbc01,1,1984,glfh,x,0,0,x,x,x,x,x,x,x,x,x,x,x,x,x,x,n,x,x,x,x,x,x,x,x,x,x,x,x,x,x,x,x,x,x,x,x,x,x,x,x,x,x,x,x,x,x,x,x,x,0
cbc01,1,1984,sisk,0,0,0,0,0,0,0,0,0,0,0,x,0,0,0,0,0,0,0,0,0,0,0,0,0,0,0,0,0,0,0,x,0,0,0,x,x,x,0,x,x,0,0,x,0,0,0,0,0,0,0,0
cbc01,1,1984,purp,0,0,0,0,0,0,0,0,0,0,0,0,0,0,0,0,0,0,0,0,0,0,0,0,0,0,0,0,0,0,0,0,0,0,0,x,x,x,0,0,x,0,0,0,x,x,0,0,0,0,0,0
cbc01,1,1984,noor,0,0,0,0,0,0,0,0,x,x,x,n,x,x,n,x,x,x,x,x,x,x,x,x,x,x,x,x,x,0,0,0,0,0,0,0,0,0,0,0,0,0,0,0,0,0,0,0,0,0,0,0
cbc01,1,1984,oror,0,0,0,0,0,0,0,0,0,x,x,0,n,x,x,0,x,x,x,x,x,0,0,0,0,0,0,0,0,0,0,0,0,0,0,0,0,0,0,0,0,0,0,0,0,0,0,0,0,0,0,0
cbc01,1,1984,bhcb,x,x,x,x,x,x,x,x,x,x,x,x,x,x,x,x,x,x,x,x,x,x,x,x,x,x,0,0,x,0,x,x,x,x,x,x,x,0,0,x,0,0,0,0,0,0,0,0,0,0,0,0
cbc01,1,1984,cogr,0,0,x,x,x,x,x,x,x,n,x,n,x,x,x,x,n,x,x,x,x,x,x,0,x,0,0,x,0,x,x,x,x,x,x,x,x,x,0,0,0,x,0,0,0,0,0,0,0,0,0,0
cbc01,1,1984,gtgr,0,0,0,0,0,0,0,0,0,0,x,0,0,0,0,0,0,0,0,0,0,0,0,0,0,0,0,0,0,0,0,0,0,0,0,0,0,0,0,0,0,0,0,0,0,0,0,0,0,0,0,0
cbc01,1,1984,brbb,x,0,0,0,0,0,0,0,0,0,0,0,0,0,0,0,0,0,0,0,0,0,0,0,0,0,0,0,0,0,0,0,0,0,0,0,0,0,0,0,0,0,0,0,0,0,0,0,0,0,0,0
cbc01,1,1984,rubb,x,0,0,0,0,0,0,x,0,0,0,0,0,0,0,0,0,0,0,0,0,0,0,0,0,0,0,0,0,0,0,0,0,0,0,x,x,x,0,x,x,0,0,0,0,0,x,x,x,x,0,0
cbc01,1,1984,wths,0,0,x,0,0,0,0,0,x,x,0,0,0,0,0,0,0,0,0,0,0,0,0,0,0,0,0,0,0,0,x,0,x,x,0,x,x,0,0,0,0,0,0,0,0,0,0,0,0,0,0,0
cbc01,1,1984,swms,0,0,0,0,0,x,0,x,x,0,0,0,0,0,0,0,0,0,0,0,0,0,0,0,0,0,0,0,0,0,x,0,x,x,0,x,0,0,0,0,0,0,0,0,0,0,0,0,0,0,0,0
cbc01,1,1984,lins,0,0,0,0,x,x,x,x,x,x,x,0,0,0,0,0,0,0,0,0,0,0,0,0,0,0,0,0,x,x,x,x,x,x,x,0,x,0,0,0,0,0,0,x,x,0,0,0,0,0,0,0
cbc01,1,1984,spto,0,x,x,x,x,x,x,x,x,x,x,0,0,0,0,0,0,0,0,0,0,0,0,0,0,0,0,0,0,0,x,x,x,x,x,x,x,x,x,x,0,0,0,x,x,x,0,0,x,x,x,0
cbc01,1,1984,rsto,0,0,0,0,0,0,x,x,x,x,x,0,x,x,x,x,x,x,0,n,x,x,x,x,0,0,0,0,0,0,0,0,0,0,0,x,0,0,0,0,0,0,0,0,0,0,0,0,0,0,0,0
cbc01,1,1984,dick,0,0,0,0,0,0,0,0,0,x,x,x,n,n,n,n,n,n,n,n,n,n,n,n,n,x,x,x,x,0,x,x,x,0,0,0,0,0,0,0,0,0,0,0,0,0,0,0,0,0,0,0
cbc01,1,1984,inbu,0,0,0,0,0,0,0,0,0,x,x,x,x,n,n,x,x,x,x,x,x,x,x,x,0,x,x,x,0,x,x,0,0,0,0,0,0,0,0,0,0,0,0,0,0,0,0,0,0,0,0,0
cbc01,1,1984,blgr,0,0,0,0,0,0,0,0,0,x,x,x,x,x,x,x,x,x,x,x,x,x,0,x,x,0,x,0,0,0,0,0,0,0,0,0,0,0,0,0,0,0,0,0,0,0,0,0,0,0,0,0
cbc01,1,1984,rbgr,0,0,0,0,0,0,0,0,0,x,x,x,x,x,x,x,0,x,0,0,0,x,0,0,0,0,0,0,x,0,0,0,0,0,0,0,0,0,0,0,0,0,0,0,0,0,0,0,0,0,0,0
cbc01,1,1984,carn,x,x,x,x,x,x,x,x,x,x,x,n,n,x,n,x,x,n,x,n,n,n,n,x,x,x,x,x,x,x,x,x,x,x,x,x,x,x,x,x,x,x,x,x,x,x,x,x,x,x,x,x
cbc01,1,1984,sctn,0,0,0,0,0,0,0,0,0,0,0,0,0,x,0,0,0,0,x,0,0,0,0,0,0,0,0,0,0,0,0,0,0,0,0,0,0,0,0,0,0,0,0,0,0,0,0,0,0,0,0,0
cbc01,1,1984,sutn,0,0,0,0,0,0,0,0,0,x,x,x,x,x,x,x,0,x,x,x,x,x,x,x,x,x,0,x,x,x,0,0,0,0,0,0,0,0,0,0,0,0,0,0,0,0,0,0,0,0,0,0
cbc01,1,1984,ybch,0,0,0,0,0,0,0,0,0,0,x,0,0,0,0,0,0,0,0,0,0,0,0,0,0,0,0,0,0,0,0,0,0,0,0,0,0,0,0,0,0,0,0,0,0,0,0,0,0,0,0,0
cbc01,1,1984,tres,x,x,x,x,x,x,x,0,0,0,0,0,0,0,0,0,0,0,0,0,0,0,0,0,0,0,0,0,0,0,0,0,0,0,x,x,x,x,x,x,x,x,x,x,x,x,x,x,x,x,x,x
cbc01,1,1984,chps,0,0,0,0,0,0,0,x,0,x,x,0,x,0,0,0,0,0,0,0,0,0,0,0,0,0,0,0,0,0,0,0,x,x,0,0,0,0,0,0,0,0,0,0,0,0,0,0,0,0,0,0
cbc01,1,1984,ccos,0,0,0,0,0,0,0,0,0,x,x,0,0,0,0,0,0,0,0,0,0,0,0,0,0,0,0,0,0,0,x,0,0,0,0,0,0,0,0,0,0,0,0,0,0,0,0,0,0,0,0,0
cbc01,1,1984,sogs,x,x,x,x,x,x,x,x,x,x,0,0,0,0,0,0,0,0,0,0,0,0,0,0,0,0,0,0,0,0,x,x,x,x,x,x,x,x,x,x,x,x,x,x,x,x,x,x,x,x,0,x
cbc01,1,1984,foxs,x,x,x,x,x,x,x,0,0,0,0,0,0,0,0,0,0,0,0,0,0,0,0,0,0,0,0,0,0,0,0,0,0,x,x,x,x,x,x,0,0,0,0,0,0,0,0,0,0,0,0,x
cbc01,1,1984,lecs,0,0,0,0,0,0,x,0,0,0,0,0,0,0,0,0,0,0,0,0,0,0,0,0,0,0,0,0,0,x,x,x,x,x,x,x,x,0,0,0,0,0,0,0,0,0,0,0,0,0,0,0
cbc01,1,1984,hens,0,0,0,0,0,0,x,x,x,x,x,x,x,x,n,x,n,n,x,x,x,x,x,x,0,0,0,x,0,0,0,0,0,0,0,0,0,0,0,0,0,0,0,0,0,0,0,0,0,0,0,0
cbc01,1,1984,gras,0,0,0,0,x,0,x,x,x,x,x,n,x,n,x,n,n,n,n,n,x,x,x,x,x,x,x,x,x,0,0,x,0,0,0,0,0,0,0,0,0,0,0,0,0,0,0,0,0,0,0,0
cbc01,1,1984,savs,0,x,x,0,0,x,x,x,0,x,x,0,0,0,0,0,0,0,0,0,0,0,0,0,0,0,0,0,0,x,x,x,x,x,x,x,x,0,0,x,0,0,0,0,0,0,0,0,0,0,0,x
cbc01,1,1984,lbun,0,0,0,0,0,0,0,0,0,0,0,0,0,0,0,0,0,0,0,0,0,0,0,0,0,0,0,0,0,0,x,0,0,0,0,0,0,0,0,0,0,0,0,0,0,0,0,0,0,0,0,0
cbc01,1,1984,lrks,0,0,0,0,0,0,x,x,x,x,x,0,0,0,x,x,x,x,x,x,0,x,0,0,x,0,0,0,0,0,0,0,0,0,0,0,0,0,0,0,0,0,0,0,0,0,0,0,0,0,0,0
cbc01,1,1984,vess,0,0,x,x,x,x,x,x,0,x,0,0,0,0,0,0,0,0,0,0,0,0,0,0,0,0,0,0,0,x,x,x,x,x,x,x,x,0,0,0,0,x,0,0,0,0,0,0,0,0,0,x
cbc01,1,1984,flds,0,x,x,x,x,x,x,x,x,x,x,n,x,n,n,n,x,n,n,n,n,x,x,x,x,x,n,x,x,x,x,x,x,x,x,x,x,x,0,x,0,0,0,x,0,0,x,0,0,0,x,0
cbc01,1,1984,wlwb,0,0,0,0,0,0,0,0,0,x,x,0,0,0,0,0,0,0,0,0,0,0,0,0,0,x,x,x,0,x,x,0,0,0,0,0,0,0,0,0,0,0,0,0,0,0,0,0,0,0,0,0
cbc01,1,1984,wnut,x,x,x,x,n,x,x,x,x,x,n,x,x,x,x,x,x,x,x,x,x,x,x,x,x,x,x,x,x,x,x,x,x,x,x,x,x,x,x,x,x,x,x,x,x,x,x,x,x,x,x,x
cbc01,1,1984,will,0,0,0,0,0,0,0,x,0,0,0,0,0,0,0,0,0,0,0,0,0,0,0,0,0,0,0,0,0,0,0,0,0,0,0,0,0,0,0,0,0,0,0,0,0,0,0,0,0,0,0,0
cbc01,1,1984,glea,0,0,0,0,0,0,0,0,0,0,0,0,0,0,0,0,0,0,0,0,0,0,0,0,0,0,0,0,0,0,0,0,0,0,0,0,0,0,0,0,0,x,x,0,0,0,0,0,0,0,0,0
cbc01,1,1984,rlgh,0,0,0,0,0,x,0,0,0,0,0,0,0,0,0,0,0,0,0,0,0,0,0,0,0,0,0,0,0,0,0,0,0,x,x,x,0,x,0,0,0,x,0,0,x,x,x,0,0,0,0,0
cbc01,1,1984,rtlh,x,x,x,n,x,n,n,n,n,n,n,n,n,n,x,n,x,x,x,x,x,0,0,x,0,x,x,x,x,x,x,x,x,x,x,x,x,x,x,x,x,x,x,x,x,x,x,x,x,x,x,x
cbc01,1,1984,swah,0,0,0,0,0,x,x,x,0,x,0,x,0,0,0,x,x,0,0,0,x,0,0,0,0,0,0,x,0,0,x,x,0,0,0,0,0,0,0,0,0,0,0,0,0,0,0,0,0,0,0,0
cbc01,1,1984,brwh,0,0,0,0,0,0,x,0,0,0,0,0,0,0,0,0,0,0,0,0,0,0,0,0,0,0,0,0,0,0,0,0,0,0,0,0,0,0,0,0,0,0,0,0,0,0,0,0,0,0,0,0
cbc01,1,1984,gosh,0,0,x,0,0,0,x,0,0,0,0,0,0,0,0,0,0,0,0,0,0,0,0,0,0,0,0,0,0,0,0,0,0,0,0,0,0,0,0,0,0,0,0,0,0,x,0,0,0,0,0,0
cbc01,1,1984,coop,0,0,0,0,0,0,0,0,x,0,0,0,0,0,0,x,0,0,0,0,0,0,0,0,0,0,0,0,0,0,0,0,0,0,0,0,0,0,0,0,0,0,0,0,0,0,0,0,0,0,0,0
cbc01,1,1984,shar,x,0,0,x,x,x,x,0,0,0,0,0,0,0,0,0,0,0,0,0,0,0,0,0,0,0,0,0,0,0,0,x,x,x,x,0,x,x,x,x,0,x,0,0,0,0,x,x,0,0,x,0
cbc01,1,1984,marh,x,x,x,x,0,x,x,x,0,0,n,0,x,x,x,0,x,0,x,x,0,0,0,x,0,0,x,x,x,x,x,x,x,x,x,x,x,x,x,x,x,x,x,x,x,x,x,x,x,x,x,0
cbc01,1,1984,blea,0,0,0,0,0,0,0,0,0,0,0,0,0,0,0,0,0,0,0,0,0,0,0,0,0,0,0,0,0,0,0,0,0,0,0,0,0,x,0,0,x,0,0,0,0,0,0,0,0,x,0,x
cbc01,1,1984,kest,x,x,x,n,x,n,n,x,x,x,x,x,x,x,x,x,n,x,x,n,0,0,0,x,x,x,0,x,x,x,x,x,x,x,x,x,x,x,x,x,0,x,x,x,x,x,x,x,x,x,x,x
cbc01,1,1984,merl,0,0,0,0,0,0,0,0,0,0,0,0,0,0,0,0,0,0,0,0,0,0,0,0,0,0,0,0,0,0,0,0,0,0,0,0,0,0,0,0,0,0,0,0,x,0,0,0,0,0,0,0
cbc01,1,1984,pere,0,0,0,x,x,x,0,0,0,0,0,0,0,0,0,0,0,0,0,0,0,0,0,0,0,0,0,0,0,0,0,0,0,0,0,0,0,0,0,0,0,0,0,0,0,0,0,0,0,0,0,0
cbc01,1,1984,solt,0,0,0,0,0,0,0,0,0,0,x,0,0,0,0,0,0,0,0,0,0,x,0,0,0,0,0,0,0,0,0,0,0,0,0,0,0,0,0,0,0,0,0,0,0,0,0,0,0,0,0,0
cbc01,1,1984,lyel,0,0,0,0,0,x,0,x,0,x,0,0,0,0,0,0,0,0,0,0,0,0,0,0,0,0,0,0,0,0,0,0,0,0,0,0,0,0,0,0,0,0,0,0,0,0,0,0,0,0,0,0
cbc01,1,1984,kill,x,x,x,x,x,x,x,n,0,x,x,x,x,x,n,x,x,x,x,x,x,x,x,x,x,x,x,x,x,0,x,x,0,x,x,0,0,0,0,0,0,0,x,0,0,0,0,0,0,0,x,x
cbc01,1,1984,coot,0,0,0,0,0,0,x,0,0,0,0,0,0,0,0,0,0,0,0,0,0,0,0,0,0,0,0,0,0,0,0,0,0,0,0,0,0,0,0,0,0,0,0,0,0,0,0,0,0,0,0,0
cbc01,1,1984,sora,0,0,0,0,0,0,0,0,0,x,x,0,0,0,0,0,0,0,0,0,0,0,0,0,0,0,0,0,0,0,0,0,0,0,0,0,0,0,0,0,0,0,0,0,0,0,0,0,0,0,0,0
cbc01,1,1984,varl,0,0,0,0,0,0,0,0,0,x,0,0,0,0,0,0,0,0,0,0,0,0,0,0,0,0,0,0,0,0,0,0,0,0,0,0,0,0,0,0,0,0,0,0,0,0,0,0,0,0,0,0
cbc01,1,1984,bobw,0,0,x,0,x,x,x,0,x,x,x,x,x,x,x,x,x,x,n,n,x,x,n,x,x,x,x,x,x,n,x,x,x,x,x,x,x,x,x,x,x,x,x,x,x,x,x,0,x,x,x,x
cbc01,1,1984,gchk,x,x,x,x,x,x,x,x,x,x,x,x,n,n,n,x,n,x,n,x,x,0,0,x,0,x,x,0,x,x,x,x,x,x,x,x,x,x,x,x,x,x,x,0,x,x,x,x,x,x,x,x
cbc01,1,1984,phes,x,x,x,x,x,x,x,x,x,x,0,x,x,x,n,x,x,x,x,x,x,x,x,0,x,x,0,x,x,x,x,x,x,x,x,x,x,x,x,x,x,x,x,x,x,0,x,x,x,x,x,x
cbc01,1,1984,praf,0,0,0,0,x,0,0,0,0,0,0,0,0,0,0,0,0,0,0,0,0,0,0,0,0,0,0,0,0,0,0,0,x,0,0,x,x,0,0,0,0,0,0,0,0,0,0,0,0,0,0,0
cbc01,1,1984,miss,0,0,0,0,0,0,0,0,0,0,0,0,0,0,0,0,0,0,x,0,0,0,0,0,0,0,0,0,0,0,0,0,0,0,0,0,0,0,0,0,0,0,0,0,0,0,0,0,0,0,0,0
cbc01,1,1984,ospr,0,0,0,0,0,0,0,0,0,0,0,0,0,0,0,0,0,0,0,0,0,0,0,0,0,0,0,x,x,0,0,0,0,0,0,0,0,0,0,0,0,0,0,0,x,0,0,0,0,0,0,0
cbc01,1,1984,turv,0,0,x,x,x,x,x,x,x,x,x,x,x,x,x,x,x,x,0,x,0,0,0,x,x,x,x,x,x,x,x,x,0,x,0,0,0,0,0,0,0,0,0,0,0,0,0,0,0,0,0,0
cbc01,1,1984,cang,0,x,0,x,x,x,0,0,0,0,0,0,0,0,0,0,0,0,0,0,0,0,0,0,0,0,0,0,0,0,0,0,0,0,0,0,0,0,0,0,0,0,0,0,0,0,0,x,0,0,x,0
cbc01,1,1984,snog,x,0,0,x,x,0,0,0,0,0,0,0,0,0,0,0,0,0,0,0,0,0,0,0,0,0,0,0,0,0,0,0,0,0,x,0,0,x,0,0,0,0,0,0,0,0,0,0,0,0,0,0
cbc01,1,1984,wfrg,x,x,x,x,0,0,0,0,0,0,0,0,0,0,0,0,0,0,0,0,0,0,0,0,0,0,0,0,0,0,0,0,0,0,x,0,0,0,0,0,0,0,0,0,0,0,0,0,0,0,0,0
cbc01,1,1984,grhe,0,0,0,0,0,0,0,x,x,x,0,x,x,n,x,x,x,0,x,x,x,x,0,x,0,x,x,x,x,0,0,0,0,0,0,0,0,0,0,0,0,0,0,0,0,0,0,0,0,0,0,0
cbc01,1,1984,caeg,0,0,0,0,0,0,0,0,0,0,0,0,0,0,0,0,0,0,0,0,0,0,0,0,0,0,0,0,0,0,0,0,0,0,0,0,0,0,0,0,0,0,0,0,0,0,0,0,0,0,0,0
cbc01,1,1984,greg,0,0,0,0,0,x,0,0,0,0,0,0,0,0,0,0,0,0,0,0,0,0,0,0,0,0,0,0,0,0,0,0,0,0,0,0,0,0,0,0,0,0,0,0,0,0,0,0,0,0,0,0
cbc01,1,1984,gbhe,x,x,0,x,x,x,x,x,x,x,x,x,x,x,x,x,x,x,x,x,0,x,0,x,0,x,0,0,x,x,x,0,x,0,0,x,x,0,0,0,x,x,0,x,x,0,0,x,x,0,0,x
cbc01,1,1984,bitt,0,0,0,0,x,0,x,0,0,0,0,0,0,0,0,0,0,0,0,0,0,0,0,0,0,0,0,0,0,0,0,0,0,0,0,0,0,0,0,0,0,0,0,0,0,0,0,0,0,0,0,0
cbc01,1,1984,corm,0,0,0,0,0,x,x,0,0,x,0,0,0,0,0,0,0,0,0,0,0,0,0,0,0,0,0,0,0,0,x,x,x,0,0,0,0,0,0,0,0,0,0,0,0,0,0,0,0,0,0,0
cbc01,1,1984,pelc,0,0,0,0,0,0,0,0,0,0,0,0,0,0,0,0,0,0,0,0,0,0,0,0,0,0,0,0,0,x,0,0,x,0,0,0,0,0,0,0,0,0,0,0,0,0,0,0,0,0,0,0
cbc01,1,1984,wood,0,0,x,0,x,x,x,x,0,x,0,x,n,x,0,0,x,0,0,n,0,0,0,0,0,0,0,0,0,0,0,0,0,0,x,0,0,0,0,0,0,0,0,0,0,0,0,0,0,0,0,0
cbc01,1,1984,agwt,x,x,0,0,0,0,0,0,0,0,0,0,0,0,0,0,0,0,0,0,0,0,0,0,0,0,0,0,0,0,0,0,0,0,0,0,0,0,x,0,0,0,0,0,0,0,0,0,0,0,0,0
cbc01,1,1984,mall,x,0,0,0,0,0,0,0,0,0,0,0,0,0,0,0,0,0,0,0,0,0,0,0,0,0,0,0,0,0,0,0,0,0,x,x,0,0,x,x,x,0,x,x,x,x,0,0,x,x,0,0
cbc01,1,1984,rudy,0,0,0,0,0,0,0,0,0,0,0,0,0,0,0,0,0,0,0,0,0,0,0,0,0,0,0,0,0,0,0,0,0,0,x,0,0,0,0,0,0,0,0,0,0,0,0,0,0,0,0,0
cbc01,1,1984,hood,0,0,0,0,0,0,x,0,0,0,0,0,0,0,0,0,0,0,0,0,0,0,0,0,0,0,0,0,0,0,0,0,0,0,0,0,0,0,0,0,0,0,0,0,0,0,0,0,0,0,0,0
cbc01,1,1984,buff,0,0,0,0,0,0,0,0,0,0,0,0,0,0,0,0,0,0,0,0,0,0,0,0,0,0,0,0,0,0,0,0,0,0,0,0,0,0,0,0,0,0,0,0,0,0,0,0,0,0,x,0
cbc01,1,1984,geye,0,0,0,0,0,0,0,0,0,0,0,0,0,0,0,0,0,0,0,0,0,0,0,0,0,0,0,0,0,0,0,0,0,0,0,0,0,0,x,0,0,0,0,x,0,0,0,0,0,0,0,0
cbc01,1,1984,saup,0,0,0,0,0,0,0,0,0,0,0,0,0,0,0,0,0,0,0,0,0,0,0,0,0,0,0,0,0,0,0,0,0,0,0,0,0,0,0,0,0,0,0,0,0,0,0,0,0,0,0,0
cbc01,1,1984,rngd,x,0,x,0,x,x,x,0,0,0,0,0,0,0,0,0,0,0,0,0,0,0,0,0,0,0,0,0,0,0,0,0,0,0,0,0,0,0,0,0,0,0,0,0,0,0,0,0,0,0,0,x
cbc01,1,1984,gadw,0,x,0,0,0,0,0,0,0,0,0,0,0,0,0,0,0,0,0,0,0,0,0,0,0,0,0,0,0,0,0,0,0,0,x,0,0,x,x,x,x,0,x,0,x,0,0,0,0,0,0,0
cbc01,1,1984,shov,0,0,0,0,0,0,0,0,0,0,0,0,0,0,0,0,0,0,0,0,0,0,0,0,0,0,0,0,0,0,0,0,0,0,0,0,0,0,0,0,0,0,0,0,0,0,0,0,0,0,0,0
cbc01,1,1984,blwt,0,0,0,0,x,x,x,x,0,0,0,0,0,0,0,0,0,0,0,0,0,0,0,0,0,0,0,0,0,0,0,0,0,0,0,0,0,0,0,0,0,0,0,0,0,0,0,0,0,0,0,0
cbc01,1,1984,pint,0,0,0,0,0,0,0,0,0,0,0,0,0,0,0,0,0,0,0,0,0,0,0,0,0,0,0,0,0,0,0,0,0,0,0,0,0,0,0,0,0,0,0,0,0,0,0,0,0,0,0,0
cbc01,1,1984,pbgr,0,0,0,0,0,0,x,x,0,0,0,0,0,0,0,0,0,0,0,0,0,0,0,0,0,0,0,0,0,x,0,0,0,0,0,0,0,0,0,0,0,0,0,0,0,0,0,0,0,0,0,0
cbc01,1,1984,spot,0,0,0,0,x,0,0,0,0,0,0,0,0,0,0,0,0,0,0,0,x,0,0,0,0,0,0,0,0,0,0,0,0,0,0,0,0,0,0,0,0,0,0,0,0,0,0,0,0,0,0,0
cbc01,1,1984,rnut,0,0,0,0,0,0,0,0,0,0,0,0,0,0,0,0,0,0,0,0,0,0,0,0,0,0,0,0,0,0,0,0,0,0,0,0,0,0,0,0,0,0,0,0,0,0,0,0,0,0,0,0
cbc01,1,1984,gcfc,0,0,0,0,0,0,0,0,x,x,x,x,n,n,n,n,x,x,x,n,x,x,x,x,x,x,x,x,x,x,0,0,0,0,0,0,0,0,0,0,0,0,0,0,0,0,0,0,0,0,0,0
cbc01,1,1984,phob,0,0,x,x,x,x,x,n,n,n,n,n,n,n,x,x,x,x,x,x,x,x,x,x,x,x,x,x,x,x,x,x,x,0,0,0,0,0,0,0,0,0,0,0,0,0,0,0,0,0,0,0
cbc01,1,1984,ltfc,0,0,0,0,0,0,0,0,0,x,x,x,x,0,0,0,0,0,0,0,0,0,0,0,0,0,x,x,x,0,x,0,0,0,0,0,0,0,0,0,0,0,0,0,0,0,0,0,0,0,0,0
cbc01,1,1984,wifc,0,0,0,0,0,0,0,0,0,0,0,0,0,x,0,0,0,0,0,0,0,0,0,0,0,0,0,0,0,0,0,0,0,0,0,0,0,0,0,0,0,0,0,0,0,0,0,0,0,0,0,0
cbc01,1,1984,ewpw,0,0,0,0,0,0,0,0,0,x,x,x,x,x,x,x,x,x,x,x,n,n,x,x,x,x,n,x,x,x,x,0,0,0,0,0,0,0,0,0,0,0,0,0,0,0,0,0,0,0,0,0
cbc01,1,1984,osfc,0,0,0,0,0,0,0,0,0,0,x,x,x,0,0,0,0,0,0,0,0,x,0,0,x,x,0,x,0,0,0,0,0,0,0,0,0,0,0,0,0,0,0,0,0,0,0,0,0,0,0,0
cbc01,1,1984,rlik,0,0,x,x,0,x,x,0,0,0,0,0,0,0,0,0,0,0,0,0,0,0,0,0,0,0,0,0,0,x,x,x,x,0,x,x,x,x,x,0,0,x,0,0,0,x,0,0,x,0,0,0
cbc01,1,1984,flik,x,x,x,x,x,x,x,x,x,x,n,x,n,x,n,x,n,x,x,x,x,x,x,x,x,x,x,x,x,x,x,x,x,x,x,x,x,x,x,x,x,x,x,x,x,x,x,x,x,x,x,x
cbc01,1,1984,hair,x,x,x,x,x,x,x,x,x,x,x,x,x,x,x,x,x,x,x,x,x,x,x,0,x,x,x,x,x,x,x,x,x,x,x,x,x,x,x,x,x,x,x,x,x,x,x,x,x,x,x,x
cbc01,1,1984,down,x,x,x,0,x,x,x,x,x,x,x,x,0,x,x,x,x,x,x,x,x,x,x,x,x,x,x,x,x,x,x,x,x,x,x,x,x,x,x,x,x,x,x,x,x,x,x,x,x,x,x,x
cbc01,1,1984,wkng,0,0,0,0,0,0,0,0,x,x,x,0,x,0,0,0,x,0,0,x,0,0,x,0,0,x,0,x,x,0,0,0,0,0,0,0,0,0,0,0,0,0,0,0,0,0,0,0,0,0,0,0
cbc01,1,1984,ekng,0,0,0,0,0,0,0,0,x,x,n,x,n,n,n,n,n,n,n,x,x,x,x,x,x,x,x,x,x,x,0,0,0,0,0,0,0,0,0,0,0,0,0,0,0,0,0,0,0,0,0,0
cbc01,1,1984,stfc,0,0,0,0,0,0,x,0,0,0,0,0,x,0,0,0,0,0,0,x,0,0,0,0,0,0,0,0,0,0,0,0,x,0,0,0,0,0,0,0,0,0,0,0,0,0,0,0,0,0,0,0
cbc01,1,1984,tuft,x,x,x,x,x,x,x,x,x,x,x,x,x,x,x,x,0,x,x,x,x,x,x,x,x,x,x,x,x,x,x,x,x,x,x,x,x,x,x,x,x,x,x,x,x,x,x,x,x,x,x,x
cbc01,1,1984,chik,x,x,x,x,n,x,x,x,x,x,n,x,n,n,x,x,x,x,x,x,x,x,x,x,x,x,x,x,x,x,x,x,x,x,x,x,x,x,x,x,x,x,x,x,x,x,x,x,x,x,x,x
cbc01,1,1984,crow,x,x,x,x,x,x,x,x,x,x,x,x,x,x,x,x,x,x,x,x,x,x,x,x,x,x,x,x,x,x,x,x,x,x,x,x,x,x,x,x,x,x,x,x,x,x,x,x,x,x,x,x
cbc01,1,1984,bluj,x,x,x,x,x,x,x,x,x,x,n,n,x,n,x,x,n,x,x,x,x,x,x,x,x,x,x,x,x,x,x,x,x,x,x,x,x,x,x,x,x,x,x,x,x,x,x,x,x,x,x,x
cbc01,1,1984,basw,0,0,0,0,0,0,x,x,x,x,x,x,n,n,x,n,x,x,n,x,x,x,x,x,x,x,x,x,x,x,x,x,x,0,0,0,0,0,0,0,0,0,0,0,0,0,0,0,0,0,0,0
cbc01,1,1984,cfsw,0,0,0,0,0,0,0,0,0,x,x,0,0,0,0,0,0,x,x,x,x,0,0,0,x,0,0,x,0,0,0,0,0,0,0,0,0,0,0,0,0,0,0,0,0,0,0,0,0,0,0,0
cbc01,1,1984,rwsw,0,0,0,0,x,x,x,x,x,n,x,x,n,n,x,x,x,x,x,x,0,x,x,x,0,0,0,0,x,0,0,0,0,0,0,0,0,0,0,0,0,0,0,0,0,0,0,0,0,0,0,0
cbc01,1,1984,trsw,0,0,0,0,0,0,0,0,0,x,0,0,0,0,0,0,0,0,0,0,0,0,0,0,0,0,0,0,0,0,0,0,0,0,0,0,0,0,0,0,0,0,0,0,0,0,0,0,0,0,0,0
cbc01,1,1984,pmar,0,0,0,0,0,x,0,0,0,0,0,x,0,x,0,0,0,0,0,0,0,0,0,0,0,0,0,0,0,0,0,0,0,0,0,0,0,0,0,0,0,0,0,0,0,0,0,0,0,0,0,0
cbc01,1,1984,lark,x,0,0,0,0,n,n,n,n,x,x,x,x,x,0,0,x,0,x,0,0,0,0,0,0,0,0,0,0,0,0,0,0,0,x,x,0,0,0,x,x,0,0,0,0,0,0,0,0,0,x,0
cbc01,1,1984,saps,0,0,0,0,0,0,0,0,0,0,0,0,0,0,0,0,0,0,0,0,0,0,0,0,0,0,0,0,0,0,0,x,x,x,0,0,0,0,0,x,0,0,0,0,0,0,0,0,0,0,0,0
cbc01,1,1984,rbwo,x,x,x,x,x,x,x,x,x,x,x,x,n,x,n,x,x,x,x,x,x,x,x,x,x,x,x,x,x,x,x,x,x,x,x,x,x,x,x,x,x,x,x,x,x,x,x,x,x,x,x,x
cbc01,1,1984,rhwo,x,x,x,x,x,x,x,x,x,x,n,x,n,x,n,n,x,n,x,n,x,x,x,x,x,x,x,x,x,x,x,x,x,x,x,x,x,x,x,x,x,x,x,x,x,x,x,x,x,x,x,x
cbc01,1,1984,ybcu,0,0,0,0,0,0,0,0,0,x,x,x,x,x,x,n,x,x,n,n,x,x,x,x,x,0,x,x,x,0,x,0,0,0,0,0,0,0,0,0,0,0,0,0,0,0,0,0,0,0,0,0
cbc01,1,1984,bbcu,0,0,0,0,0,0,0,0,0,0,0,0,n,x,x,x,x,x,x,0,0,0,0,0,0,0,0,0,0,0,0,0,x,0,0,0,0,0,0,0,0,0,0,0,0,0,0,0,0,0,0,0
cbc01,1,1984,mdov,x,0,x,x,x,n,n,n,n,n,n,n,n,n,n,n,n,n,n,n,n,n,n,n,n,n,x,x,x,x,x,x,x,x,0,x,x,0,x,x,0,x,0,0,0,0,0,0,x,0,0,x
cbc01,1,1984,rock,x,x,x,0,x,x,x,x,x,x,n,n,x,x,x,x,x,x,x,x,x,x,x,x,x,0,x,x,x,x,x,x,x,x,x,x,x,x,x,x,x,x,x,0,x,x,x,x,x,x,0,x
cbc01,1,1984,blte,0,0,0,0,0,0,0,0,0,x,0,0,0,0,0,0,0,0,0,0,0,0,0,0,0,0,0,0,0,0,0,0,0,0,0,0,0,0,0,0,0,0,0,0,0,0,0,0,0,0,0,0
cbc01,1,1984,rgul,0,0,0,0,0,x,0,x,0,0,0,0,0,0,0,0,0,0,0,0,0,0,0,0,0,0,0,0,0,0,0,0,0,0,x,0,0,0,0,0,0,0,0,0,0,0,0,0,0,0,0,0
cbc01,1,1984,fgul,0,0,0,0,0,x,x,x,0,0,0,0,0,0,0,0,0,0,0,0,0,0,0,0,0,0,0,0,0,x,x,x,x,x,x,0,0,0,0,0,0,0,0,0,0,0,0,0,0,0,0,0
cbc01,1,1984,cock,0,0,0,0,0,0,0,0,0,0,0,0,0,0,0,x,0,0,0,0,0,0,0,0,0,0,0,0,0,0,0,0,0,0,0,0,0,0,0,0,0,0,0,0,0,0,0,0,0,0,0,x
cbc01,1,1984,snip,0,0,0,x,0,0,0,x,0,x,x,x,0,0,0,x,x,0,0,0,0,0,0,0,0,0,0,0,0,0,0,0,0,0,0,0,0,0,0,0,0,0,0,0,0,0,0,0,0,0,0,0
cbc01,1,1984,godw,0,0,0,0,0,x,0,0,0,0,0,0,0,0,0,0,0,0,0,0,0,0,0,0,0,0,0,0,0,0,0,0,0,0,0,0,0,0,0,0,0,0,0,0,0,0,0,0,0,0,0,0
cbc01,1,1984,upld,0,0,0,0,0,x,x,x,x,n,n,n,n,n,n,n,n,n,x,x,x,x,x,x,0,x,x,0,0,0,0,0,0,0,0,0,0,0,0,0,0,0,0,0,0,0,0,0,0,0,0,0
cbc01,1,1984,barn,0,0,0,x,0,0,0,0,0,0,0,0,0,0,0,0,0,0,0,0,0,0,0,0,0,0,0,0,0,0,0,0,0,0,0,0,0,0,0,0,0,0,0,0,0,0,0,0,0,0,0,0
cbc01,1,1984,scre,0,0,0,0,0,0,0,0,0,x,0,0,0,0,0,0,0,0,0,0,0,0,0,0,0,0,0,0,0,0,0,0,0,0,0,0,x,0,0,0,0,0,0,0,0,0,0,0,0,0,0,0
cbc01,1,1984,belt,0,0,x,x,x,x,x,x,x,x,x,x,x,n,x,x,x,x,x,x,x,x,x,x,x,0,x,x,x,x,x,x,x,x,0,x,x,x,x,x,x,0,x,x,0,0,x,x,x,0,0,0
cbc01,1,1984,rthb,0,0,0,0,0,0,0,0,0,0,x,x,0,0,0,0,0,0,0,x,0,0,0,0,0,x,0,0,0,0,0,0,0,0,0,0,0,0,0,0,0,0,0,0,0,0,0,0,0,0,0,0
cbc01,1,1984,swif,0,0,0,0,0,0,x,x,x,x,x,x,x,x,x,x,x,x,x,x,x,x,x,x,x,x,x,x,x,x,x,x,0,0,0,0,0,0,0,0,0,0,0,0,0,0,0,0,0,0,0,0
cbc01,1,1984,whip,0,0,0,0,0,0,0,0,0,x,0,0,0,0,0,0,0,0,0,0,0,0,0,0,0,0,0,0,0,0,0,0,0,0,0,0,0,0,0,0,0,0,0,0,0,0,0,0,0,0,0,0
cbc01,1,1984,chuk,0,0,0,0,0,0,0,0,0,x,x,x,0,0,0,x,0,x,x,0,0,0,0,0,0,0,0,0,0,0,0,0,0,0,0,0,0,0,0,0,0,0,0,0,0,0,0,0,0,0,0,0
cbc01,1,1984,poor,0,0,0,0,0,0,x,x,x,x,0,x,n,0,x,x,x,n,x,x,x,0,0,0,x,0,0,x,0,x,0,0,0,0,0,0,0,0,0,0,0,0,0,0,0,0,0,0,0,0,0,0
cbc01,1,1984,nite,0,0,0,0,0,0,0,0,0,x,x,n,n,n,n,n,n,n,n,n,n,n,n,n,n,x,x,x,x,0,0,0,0,0,0,0,0,0,0,0,0,0,0,0,0,0,0,0,0,0,0,0
cbc01,1,1984,seow,0,0,0,x,0,x,x,0,0,0,0,0,0,0,0,0,0,0,0,0,0,0,0,0,0,0,0,0,0,0,0,0,0,x,0,0,0,0,0,0,0,0,0,0,0,0,0,0,0,0,x,x
cbc01,1,1984,brow,0,0,0,0,x,x,x,x,x,0,0,x,x,x,0,0,0,x,0,0,0,x,0,0,0,0,0,x,x,0,0,0,x,0,x,0,x,0,x,x,0,0,0,x,0,0,0,x,x,x,0,0
cbc01,1,1984,snow,0,0,0,0,0,0,0,0,0,0,0,0,0,0,0,0,0,0,0,0,0,0,0,0,0,0,0,0,0,0,0,0,0,0,0,0,0,0,0,0,0,0,0,0,0,0,0,0,0,0,0,0
cbc01,1,1984,ghow,x,x,0,0,0,x,x,n,0,0,x,x,x,x,x,x,x,x,x,x,x,0,x,0,0,0,x,0,0,0,x,x,x,0,x,x,0,0,x,0,0,x,x,x,x,x,0,x,0,x,x,0
cbc01,1,1990,sora,0,0,0,0,0,x,0,0,0,0,0,0,0,0,0,0,0,0,0,0,0,0,0,0,0,0,0,0,0,x,0,0,0,0,0,0,0,0,0,0,0,0,0,0,0,0,0,0,0,0,0,0
cbc01,1,1990,coot,0,0,0,0,0,x,0,0,0,0,0,0,0,0,0,0,0,0,0,0,0,0,0,0,0,0,0,0,0,0,0,0,0,0,0,0,0,0,0,0,0,0,0,0,0,0,0,0,0,0,0,0
cbc01,1,1990,gopl,0,0,0,0,0,0,0,x,x,0,0,0,0,0,0,0,0,0,0,0,0,0,0,0,0,0,0,0,0,0,0,0,0,0,0,0,0,0,0,0,0,0,0,0,0,0,0,0,0,0,0,0
cbc01,1,1990,kill,x,x,x,x,n,x,x,x,x,n,x,x,x,n,x,x,x,x,x,0,0,0,0,0,0,x,x,x,x,x,x,x,x,x,0,0,0,0,0,0,0,0,0,0,0,0,0,0,0,0,0,x
cbc01,1,1990,lyel,0,0,0,0,0,0,0,0,0,0,0,0,0,0,0,0,0,0,0,0,0,0,0,0,0,0,0,0,0,0,0,0,0,0,0,0,0,0,0,0,0,0,0,0,0,0,0,0,0,0,0,0
cbc01,1,1990,varl,0,0,0,0,0,x,0,0,0,0,0,0,0,0,0,0,0,0,0,0,0,0,0,0,0,0,0,0,0,0,0,0,0,0,0,0,0,0,0,0,0,0,0,0,0,0,0,0,0,0,0,0
cbc01,1,1990,bobw,x,x,x,x,x,x,x,x,x,x,x,x,x,x,x,n,n,x,n,x,0,x,x,x,x,x,x,x,x,x,x,x,x,x,x,x,x,x,x,x,x,x,x,x,x,x,x,x,x,x,x,x
cbc01,1,1990,turk,0,0,x,x,0,x,x,0,x,x,x,0,0,0,0,0,0,0,0,0,0,0,0,0,0,x,0,0,0,0,0,0,0,0,0,0,0,0,0,0,0,0,0,0,0,0,0,0,0,0,0,0
cbc01,1,1990,gchk,x,x,x,x,x,x,x,n,n,x,x,n,x,x,x,n,x,0,n,0,0,0,0,0,x,x,0,x,x,x,x,x,x,x,x,x,x,x,x,x,x,x,x,x,x,0,x,x,0,x,x,x
cbc01,1,1990,phes,x,x,x,x,x,x,x,x,n,x,x,x,x,x,x,x,x,x,x,0,0,x,x,x,0,0,0,x,x,x,x,x,x,x,x,x,x,x,x,x,0,x,0,x,x,x,x,x,0,x,x,x
cbc01,1,1990,praf,0,0,0,x,0,x,x,0,0,0,0,0,0,0,0,0,0,0,0,0,0,0,0,0,0,0,0,0,0,0,0,0,0,0,0,0,0,0,0,0,0,0,0,0,x,x,0,x,0,0,0,0
cbc01,1,1990,pere,0,0,0,0,x,0,0,0,x,0,0,0,0,0,0,0,0,0,0,0,0,0,0,0,0,0,0,0,0,0,0,0,0,0,0,0,0,0,0,0,0,0,0,0,0,0,0,0,0,0,0,0
cbc01,1,1990,solt,0,0,0,0,0,0,0,0,0,x,0,0,0,0,0,0,0,0,0,0,0,0,0,x,0,0,0,0,0,0,0,0,0,0,0,0,0,0,0,0,0,0,0,0,0,0,0,0,0,0,0,0
cbc01,1,1990,spot,0,0,0,0,0,0,0,0,0,x,0,0,0,0,0,0,0,0,0,0,0,0,0,0,0,0,0,0,0,0,0,0,0,0,0,0,0,0,0,0,0,0,0,0,0,0,0,0,0,0,0,0
cbc01,1,1990,will,0,0,0,0,0,0,0,0,0,0,0,0,0,0,0,0,0,0,0,0,0,0,0,0,0,0,0,0,0,0,0,0,0,0,0,0,0,0,0,0,0,0,0,0,0,0,0,0,0,0,0,0
cbc01,1,1990,bbcu,0,0,0,0,0,0,0,0,0,0,x,x,x,0,n,x,0,x,0,x,0,0,0,0,0,0,0,0,0,0,0,0,0,0,0,0,0,0,0,0,0,0,0,0,0,0,0,0,0,0,0,0
cbc01,1,1990,mdov,x,0,x,x,x,n,x,x,n,x,x,n,n,x,x,x,n,x,x,x,0,x,0,x,x,x,n,x,x,x,x,x,x,x,x,x,0,0,x,0,0,0,0,0,0,x,0,x,0,0,0,0
cbc01,1,1990,rock,0,x,x,x,x,x,x,x,x,x,x,x,0,x,x,x,x,x,x,x,0,x,0,x,x,x,x,0,x,x,x,0,x,0,x,x,x,x,x,x,x,0,0,x,x,x,0,x,0,x,0,x
cbc01,1,1990,blte,0,0,0,0,0,0,0,0,0,0,0,0,0,0,0,0,0,0,0,0,0,0,0,0,0,0,0,0,0,0,0,0,0,0,0,0,0,0,0,0,0,0,0,0,0,0,0,0,0,0,0,0
cbc01,1,1990,rgul,0,x,0,0,0,0,0,0,0,0,0,0,0,0,0,0,0,0,0,0,0,0,0,0,0,0,0,0,0,0,0,0,0,0,0,0,0,0,0,0,0,0,0,0,0,0,0,0,0,0,0,0
cbc01,1,1990,fgul,0,0,0,0,0,x,x,x,x,0,0,0,0,x,0,0,0,0,0,0,0,0,0,0,0,0,0,0,x,x,x,0,0,0,x,0,0,0,0,0,0,0,0,0,0,0,0,0,0,0,0,0
cbc01,1,1990,cock,0,x,0,x,0,x,x,0,n,x,0,0,0,0,x,0,0,0,x,0,0,0,0,0,0,0,x,0,0,0,0,0,0,0,0,x,0,0,0,0,0,0,0,0,0,0,0,0,0,0,0,0
cbc01,1,1990,snip,0,0,0,0,0,x,x,0,0,0,0,0,0,0,0,0,0,0,0,0,0,0,0,0,0,0,0,0,0,0,x,0,0,0,0,0,0,0,0,0,0,0,0,0,0,0,0,0,0,0,0,0
cbc01,1,1990,dowt,0,0,0,0,0,0,0,0,0,0,0,0,0,0,0,0,0,0,0,0,0,0,0,0,0,0,0,0,0,0,0,x,0,0,0,0,0,0,0,0,0,0,0,0,0,0,0,0,0,0,0,0
cbc01,1,1990,godw,0,0,0,0,0,0,0,0,0,0,0,0,0,0,0,0,0,0,0,0,0,0,0,0,0,0,0,0,0,0,0,0,0,0,0,0,0,0,0,0,0,0,0,0,0,0,0,0,0,0,0,0
cbc01,1,1990,upld,0,0,0,0,x,x,x,x,x,x,x,n,n,n,x,x,x,x,x,x,0,x,0,x,x,x,0,0,x,0,x,0,x,0,0,0,0,0,0,0,0,0,0,0,0,0,0,0,0,0,0,0
cbc01,1,1990,ybcu,0,0,0,0,0,0,0,0,0,x,x,x,x,x,x,x,x,x,x,x,n,x,0,x,x,n,x,x,x,0,x,0,0,0,0,0,0,0,0,0,0,0,0,0,0,0,0,0,0,0,0,0
cbc01,1,1990,merl,0,0,0,0,0,0,0,0,0,0,0,0,0,0,0,0,0,0,0,0,0,0,0,0,0,0,0,0,0,0,0,0,0,x,0,0,x,0,0,0,0,0,0,0,0,0,0,0,0,0,0,x
cbc01,1,1990,rudy,0,0,0,0,0,0,0,0,0,0,0,0,0,0,0,0,0,0,0,0,0,0,0,0,0,0,0,0,0,0,0,0,0,0,0,0,0,0,0,0,0,0,0,0,0,0,0,0,0,0,0,0
cbc01,1,1990,hood,0,0,0,0,0,0,0,0,0,0,0,0,0,0,0,0,0,0,0,0,0,0,0,0,0,0,0,0,0,0,0,0,0,0,0,0,0,x,0,0,0,0,0,0,0,0,0,0,0,0,0,0
cbc01,1,1990,buff,0,0,0,x,0,0,0,0,0,0,0,0,0,0,0,0,0,0,0,0,0,0,0,0,0,0,0,0,0,0,0,0,0,0,0,0,0,0,0,0,0,0,0,0,0,0,0,0,0,0,0,0
cbc01,1,1990,geye,0,0,0,0,0,0,0,0,0,0,0,0,0,0,0,0,0,0,0,0,0,0,0,0,0,0,0,0,0,0,0,0,0,0,0,0,0,0,0,0,0,0,0,0,0,0,0,0,0,0,x,0
cbc01,1,1990,saup,0,0,0,0,0,0,0,0,0,0,0,0,0,0,0,0,0,0,0,0,0,0,0,0,0,0,0,0,0,0,0,0,0,0,0,0,0,0,0,0,0,0,0,0,0,0,0,0,0,0,0,0
cbc01,1,1990,rngd,0,x,x,x,x,0,0,0,0,0,0,0,0,0,0,0,0,0,0,0,0,0,0,0,0,0,0,0,0,0,0,0,0,0,0,0,0,0,0,0,0,0,0,0,0,0,0,0,0,0,0,0
cbc01,1,1990,wign,0,x,x,0,0,0,0,0,0,0,0,0,0,0,0,0,0,0,0,0,0,0,0,0,0,0,0,0,0,0,0,0,0,0,0,0,0,0,0,0,0,0,0,0,0,0,0,0,0,0,0,0
cbc01,1,1990,gadw,0,0,0,0,0,0,0,0,0,0,0,0,0,0,0,0,0,0,0,0,0,0,0,0,0,0,0,0,0,0,0,0,0,0,0,0,0,0,0,0,0,0,0,0,0,0,0,x,0,x,0,0
cbc01,1,1990,shov,0,0,0,0,0,0,0,0,0,0,0,0,0,0,0,0,0,0,0,0,0,0,0,0,0,0,0,0,0,0,0,0,0,0,0,0,0,0,0,0,0,0,0,0,0,0,0,0,0,0,0,0
cbc01,1,1990,blwt,0,0,0,0,0,0,0,0,0,0,0,0,0,0,0,0,0,0,0,0,0,0,0,0,0,0,0,0,0,0,0,0,0,0,0,0,0,0,0,0,0,0,0,0,0,0,0,0,0,0,0,0
cbc01,1,1990,pint,0,0,0,0,0,0,0,0,0,0,0,0,0,0,0,0,0,0,0,0,0,0,0,0,0,0,0,0,0,0,0,0,0,0,0,0,0,0,0,0,0,0,0,0,0,0,0,0,0,0,0,0
cbc01,1,1990,turv,0,0,x,x,x,x,x,x,0,x,x,x,x,x,x,x,x,0,x,0,0,x,0,x,0,x,x,x,x,x,x,x,0,0,0,0,0,0,0,0,0,0,0,0,0,0,0,0,0,0,0,0
cbc01,1,1990,miss,0,0,0,0,0,0,0,0,0,0,0,0,0,x,0,0,0,0,0,0,0,0,0,0,0,0,x,0,x,x,0,0,0,0,0,0,0,0,0,0,0,0,0,0,0,0,0,0,0,0,0,0
cbc01,1,1990,ospr,0,0,0,0,0,0,0,0,0,0,0,0,0,0,0,0,0,0,0,0,0,0,0,0,0,0,0,0,0,0,0,0,0,0,0,0,0,0,0,0,0,0,0,0,0,0,0,0,0,0,0,0
cbc01,1,1990,kest,x,x,x,x,x,x,x,x,x,0,x,0,x,x,0,0,0,x,0,x,0,0,0,0,x,x,x,x,x,0,x,x,x,x,x,x,x,0,x,x,0,x,0,x,x,x,0,0,x,0,x,x
cbc01,1,1990,glea,0,0,0,0,0,0,0,0,0,0,0,0,0,0,0,0,0,0,0,0,0,0,0,0,0,0,0,0,0,0,0,x,0,0,0,0,0,0,x,0,0,0,0,0,0,x,0,0,0,0,x,0
cbc01,1,1990,rlgh,0,0,x,0,0,x,0,0,0,0,0,0,0,0,0,0,0,0,0,0,0,0,0,0,0,0,0,0,0,0,0,x,0,0,0,x,0,x,x,x,0,x,x,x,x,0,0,x,0,0,0,0
cbc01,1,1990,rtlh,x,x,n,n,x,x,x,n,x,x,x,x,x,x,x,x,0,x,x,x,0,0,0,x,x,x,x,x,x,x,x,x,x,x,x,x,x,x,x,x,x,x,x,x,x,x,x,x,x,x,x,x
cbc01,1,1990,swah,0,0,0,0,x,x,0,0,x,0,0,0,0,0,0,0,0,0,0,0,0,0,0,0,0,0,0,0,x,0,0,0,0,x,0,0,0,0,0,0,0,0,0,0,0,0,0,0,0,0,0,0
cbc01,1,1990,brwh,0,0,0,0,0,0,0,0,0,0,0,0,0,0,0,0,0,0,0,0,0,0,0,0,0,0,0,0,0,0,0,0,0,0,0,0,0,0,0,0,0,0,0,0,0,0,0,0,0,0,0,0
cbc01,1,1990,gosh,0,0,0,0,0,0,0,0,0,0,0,0,0,0,0,0,0,0,0,0,0,0,0,0,0,0,0,0,0,0,x,0,0,0,0,0,0,0,0,0,0,0,0,0,0,0,0,0,0,0,0,0
cbc01,1,1990,coop,0,0,0,0,0,x,0,x,0,0,0,0,0,0,0,0,0,0,0,0,0,0,0,0,0,0,0,0,0,0,0,0,0,0,0,0,0,0,0,x,0,0,0,x,0,0,0,0,x,x,x,0
cbc01,1,1990,shar,x,0,0,0,x,0,0,0,0,0,0,0,0,0,0,0,0,0,0,x,0,0,0,0,0,0,x,0,x,x,x,0,x,0,x,x,x,0,0,x,0,0,0,0,0,0,0,0,0,0,0,x
cbc01,1,1990,marh,x,x,x,x,x,x,0,x,x,x,n,x,x,x,x,x,0,x,x,x,0,0,0,x,x,0,x,x,x,x,x,x,x,x,x,x,x,x,x,0,x,x,0,x,x,x,0,0,x,x,x,x
cbc01,1,1990,blea,0,0,0,0,0,0,0,0,0,0,0,0,0,0,0,0,0,0,0,0,0,0,0,0,0,0,0,0,0,0,0,0,0,0,0,0,0,0,0,0,0,x,0,0,0,0,0,0,0,0,0,0
cbc01,1,1990,mall,0,x,0,x,0,0,0,0,0,0,0,0,0,0,0,0,0,0,0,0,0,0,0,0,0,0,0,0,0,0,0,0,0,0,0,x,0,x,x,x,x,0,0,x,x,x,0,x,0,0,x,0
cbc01,1,1990,barn,0,0,0,0,0,0,0,0,0,0,0,0,0,0,0,0,0,0,0,0,0,0,0,0,0,0,0,0,0,0,0,0,0,0,0,0,0,0,0,0,0,0,0,0,0,0,0,0,0,0,0,0
cbc01,1,1990,eblu,x,x,x,x,n,x,x,n,n,x,x,x,x,x,x,n,n,x,n,x,x,0,0,x,x,x,x,x,x,x,x,x,x,x,x,x,x,x,x,x,x,x,0,x,x,x,x,0,x,x,x,x
cbc01,1,1990,chik,x,x,x,x,x,x,x,x,x,x,x,x,x,x,n,x,x,x,x,x,x,0,0,x,x,x,x,x,x,x,x,x,x,x,x,x,x,x,x,x,x,x,x,x,x,x,x,x,x,x,x,x
cbc01,1,1990,crow,x,x,x,x,x,x,x,x,x,x,x,x,x,x,x,x,x,x,x,x,0,0,0,x,x,x,x,x,x,x,x,x,x,x,x,x,x,x,x,x,x,x,0,x,x,x,x,x,x,x,x,x
cbc01,1,1990,bluj,x,x,x,x,x,x,x,n,x,n,n,x,x,x,x,n,x,x,x,x,x,0,0,x,x,x,x,x,x,x,x,x,x,x,x,x,x,x,x,x,x,x,x,x,x,x,x,x,x,x,x,x
cbc01,1,1990,basw,0,0,0,0,0,x,x,x,x,x,x,x,x,x,x,n,x,x,x,x,0,x,0,x,x,x,x,x,x,x,x,x,x,0,0,0,0,0,0,0,0,0,0,0,0,0,0,0,0,0,0,0
cbc01,1,1990,cfsw,0,0,0,0,0,0,0,0,0,0,x,0,0,0,0,0,0,0,x,0,0,0,0,0,0,0,0,0,0,0,0,0,0,0,0,0,0,0,0,0,0,0,0,0,0,0,0,0,0,0,0,0
cbc01,1,1990,rwsw,0,0,0,x,0,x,x,x,x,x,x,x,x,x,x,x,x,x,x,0,0,x,0,0,x,0,0,0,0,0,0,0,0,0,0,0,0,0,0,0,0,0,0,0,0,0,0,0,0,0,0,0
cbc01,1,1990,trsw,0,0,0,0,0,0,0,0,0,0,0,0,0,0,0,0,0,0,0,0,0,0,0,0,0,0,0,0,0,0,0,0,0,0,0,0,0,0,0,0,0,0,0,0,0,0,0,0,0,0,0,0
cbc01,1,1990,pmar,0,0,0,0,0,0,0,0,0,0,0,0,0,x,0,0,x,0,0,0,0,0,0,x,x,x,x,0,0,0,0,0,0,0,0,0,0,0,0,0,0,0,0,0,0,0,0,0,0,0,0,0
cbc01,1,1990,lark,0,0,0,0,0,0,0,x,0,x,0,0,0,0,0,0,0,0,0,0,0,0,0,0,0,0,0,0,0,0,x,0,0,0,0,x,0,0,0,0,0,0,x,0,0,0,0,0,0,0,0,0
cbc01,1,1990,stfc,0,0,0,0,0,0,0,x,0,0,x,0,x,x,0,n,0,n,n,0,0,n,0,0,0,0,x,0,0,0,0,0,0,0,0,0,0,0,0,0,0,0,0,0,0,0,0,0,0,0,0,0
cbc01,1,1990,ekng,0,0,0,0,0,0,0,x,x,x,x,x,x,x,x,x,x,n,x,0,0,x,0,x,x,x,x,0,x,0,0,0,0,0,0,0,0,0,0,0,0,0,0,0,0,0,0,0,0,0,0,0
cbc01,1,1990,tuft,x,x,x,n,n,x,x,x,x,x,x,x,x,x,n,x,x,x,x,x,x,0,0,x,x,x,x,x,x,x,x,x,x,x,x,x,x,x,x,x,x,x,0,x,x,x,x,x,x,x,x,x
cbc01,1,1990,rnut,0,0,0,0,0,0,0,0,0,0,0,0,0,0,0,0,0,0,0,0,0,0,0,0,0,0,0,0,0,0,0,0,x,0,0,0,0,0,0,0,0,0,0,0,0,0,0,0,0,0,0,0
cbc01,1,1990,wnut,x,x,x,x,x,x,x,x,x,x,x,x,x,x,x,x,x,x,x,x,x,0,0,x,x,x,x,x,x,x,x,x,x,x,x,x,x,x,x,x,x,x,x,x,x,x,x,x,x,x,x,x
cbc01,1,1990,bggn,0,0,0,0,x,x,x,x,x,n,x,x,n,x,x,x,x,x,x,0,0,0,0,x,x,0,x,x,x,0,0,0,0,0,0,0,0,0,0,0,0,0,0,0,0,0,0,0,0,0,0,0
cbc01,1,1990,rckt,0,0,x,x,x,x,x,x,x,x,0,0,0,0,0,0,0,0,0,0,0,0,0,0,0,0,0,0,0,x,x,x,x,x,x,x,0,0,0,0,0,x,0,0,0,0,0,0,0,0,0,0
cbc01,1,1990,gckt,0,0,x,x,x,x,0,0,0,0,0,0,0,0,0,0,0,0,0,0,0,0,0,0,0,0,0,x,0,0,0,0,x,x,x,x,x,x,x,x,x,x,x,x,x,x,x,0,0,x,x,0
cbc01,1,1990,mwrn,0,0,0,0,0,0,0,0,0,0,0,0,0,0,0,0,0,0,0,0,0,0,0,0,0,0,0,0,0,0,0,0,0,0,0,0,0,0,0,0,0,0,0,0,0,0,0,0,0,0,0,0
cbc01,1,1990,swrn,0,0,0,0,0,0,0,x,0,0,x,0,0,x,0,0,0,x,x,x,x,x,0,x,0,n,0,0,x,x,x,x,x,x,0,0,0,0,0,0,0,0,0,0,0,0,0,0,0,0,0,0
cbc01,1,1990,wwrn,0,0,0,x,x,x,0,0,0,0,0,0,0,0,0,0,0,0,0,0,0,0,0,0,0,0,0,0,0,x,0,0,0,x,0,x,x,x,x,0,x,x,0,x,x,x,0,0,0,x,x,x
cbc01,1,1990,hwrn,0,0,0,0,x,x,x,x,x,n,x,x,x,n,x,x,x,0,x,x,x,0,0,x,x,x,x,x,x,x,x,x,0,0,0,0,0,0,0,0,0,0,0,0,0,0,0,0,0,0,0,0
cbc01,1,1990,bwrn,0,x,x,x,x,n,x,x,x,x,x,x,x,x,n,x,x,x,x,x,x,0,0,x,x,x,x,x,x,0,x,x,x,0,x,x,0,x,0,0,0,0,x,0,0,0,x,0,0,x,0,0
cbc01,1,1990,cwrn,0,0,x,x,x,x,x,x,x,x,x,x,0,x,x,x,x,0,x,0,0,0,0,x,0,x,x,x,x,0,x,0,x,x,x,x,x,0,x,x,x,0,0,x,x,x,0,0,0,x,x,0
cbc01,1,1990,rwrn,0,0,0,0,0,0,0,0,0,0,0,0,0,0,0,0,0,0,0,0,0,0,0,0,0,0,0,0,0,0,0,0,0,0,0,0,0,0,0,0,0,0,0,0,0,0,0,0,0,0,0,0
cbc01,1,1990,brcp,0,x,x,x,x,x,0,0,0,0,0,0,0,0,0,0,0,0,0,0,0,0,0,0,0,0,0,0,0,0,0,x,x,x,x,x,x,x,x,x,x,x,0,x,x,x,x,x,x,x,x,x
cbc01,1,1990,wkng,0,0,0,0,0,0,0,0,0,x,0,x,0,x,0,x,0,0,0,0,0,0,0,0,0,0,0,0,0,0,0,0,0,0,0,0,0,0,0,0,0,0,0,0,0,0,0,0,0,0,0,0
cbc01,1,1990,gcfc,0,0,0,0,0,0,0,x,x,x,x,x,x,x,x,x,x,x,x,x,x,0,0,x,x,x,x,x,x,0,0,0,0,0,0,0,0,0,0,0,0,0,0,0,0,0,0,0,0,0,0,0
cbc01,1,1990,swif,0,0,0,0,0,0,x,x,0,x,x,x,x,x,x,x,x,x,x,x,0,x,0,0,n,x,x,0,x,x,0,x,0,0,0,0,0,0,0,0,0,0,0,0,0,0,0,0,0,0,0,0
cbc01,1,1990,whip,0,0,0,0,0,0,0,0,x,x,0,0,0,0,0,0,0,0,0,0,0,0,0,0,0,0,0,0,0,0,x,0,0,0,0,0,0,0,0,0,0,0,0,0,0,0,0,0,0,0,0,0
cbc01,1,1990,chuk,0,0,0,0,0,0,0,0,x,x,0,0,0,0,x,x,0,0,0,0,0,0,0,0,0,0,0,0,0,0,0,0,0,0,0,0,0,0,0,0,0,0,0,0,0,0,0,0,0,0,0,0
cbc01,1,1990,poor,0,0,0,0,0,x,x,0,x,x,x,x,x,0,x,0,0,0,x,0,n,0,0,x,x,0,0,0,0,0,0,0,0,0,0,0,0,0,0,0,0,0,0,0,0,0,0,0,0,0,0,0
cbc01,1,1990,nite,0,0,0,0,0,0,0,0,x,x,x,0,x,x,x,x,x,n,x,0,0,n,0,x,x,x,x,0,x,0,0,0,0,0,0,0,0,0,0,0,0,0,0,0,0,0,0,0,0,0,0,0
cbc01,1,1990,seow,0,0,0,0,x,x,x,0,0,0,0,0,0,0,0,0,0,0,0,0,0,0,0,0,0,0,0,0,0,0,0,0,0,x,0,0,0,0,0,0,0,0,0,x,0,x,0,0,0,0,0,x
cbc01,1,1990,leow,0,0,0,0,0,0,0,0,0,0,0,0,0,0,0,0,0,0,0,0,0,0,0,0,0,0,0,0,0,0,0,0,0,0,0,0,0,0,0,0,0,x,0,0,0,0,0,0,0,0,0,0
cbc01,1,1990,brow,0,0,0,0,x,0,x,x,0,0,x,0,x,x,0,0,0,0,0,0,0,0,0,0,0,0,x,0,x,0,0,0,x,0,0,0,0,0,0,0,0,0,0,0,0,0,0,0,0,0,0,x
cbc01,1,1990,buow,0,0,0,0,0,0,0,0,x,0,0,0,0,0,0,0,0,0,0,0,0,0,0,0,0,0,0,0,0,0,0,0,0,0,0,0,0,0,0,0,0,0,0,0,0,0,0,0,0,0,0,0
cbc01,1,1990,snow,0,0,0,0,0,0,0,0,0,0,0,0,0,0,0,0,0,0,0,0,0,0,0,0,0,0,0,0,0,0,0,0,0,0,0,0,0,0,0,0,0,0,0,0,0,0,0,0,0,0,0,0
cbc01,1,1990,ghow,0,0,x,x,0,x,x,x,x,x,x,0,x,x,x,x,x,x,0,x,0,0,0,0,x,0,0,0,0,x,0,x,x,x,x,x,x,x,0,0,0,x,0,x,x,x,0,x,x,x,0,0
cbc01,1,1990,rthb,0,0,0,0,0,0,0,0,0,0,0,x,0,0,0,0,0,0,0,0,0,0,0,x,x,0,x,0,0,0,0,0,0,0,0,0,0,0,0,0,0,0,0,0,0,0,0,0,0,0,0,0
cbc01,1,1990,belt,x,x,x,x,x,x,x,x,x,x,x,x,x,x,x,x,x,x,x,x,x,0,0,x,0,x,x,x,x,x,x,x,x,0,x,x,x,0,x,x,x,x,x,x,x,x,x,x,0,x,x,x
cbc01,1,1990,rhwo,x,x,x,x,x,x,x,x,x,x,x,x,x,x,x,x,x,x,x,x,x,x,0,x,x,x,x,x,x,x,x,x,x,x,x,x,x,x,x,x,x,x,x,x,x,x,x,0,x,x,x,x
cbc01,1,1990,phob,0,x,x,n,n,n,x,x,x,x,x,x,n,x,x,x,x,x,x,x,0,0,0,x,x,x,x,x,x,x,x,0,x,0,0,0,0,0,0,0,0,0,0,0,0,0,0,0,0,0,0,0
cbc01,1,1990,ltfc,0,0,0,0,0,0,0,0,0,x,x,x,0,0,0,0,0,0,0,0,0,0,0,0,0,0,x,0,x,0,0,0,x,0,0,0,0,0,0,0,0,0,0,0,0,0,0,0,0,0,0,0
cbc01,1,1990,wifc,0,0,0,0,0,0,0,0,0,0,0,0,x,0,0,0,0,0,0,0,0,0,0,0,0,0,0,0,0,0,0,0,0,0,0,0,0,0,0,0,0,0,0,0,0,0,0,0,0,0,0,0
cbc01,1,1990,ewpw,0,0,0,0,0,0,0,0,0,x,x,x,x,x,x,x,x,x,x,x,x,0,0,x,x,x,x,x,x,0,0,0,0,0,0,0,0,0,0,0,0,0,0,0,0,0,0,0,0,0,0,0
cbc01,1,1990,osfc,0,0,0,0,0,0,0,0,0,0,0,0,0,0,0,0,0,0,0,0,0,0,0,0,0,x,x,0,x,0,0,0,0,0,0,0,0,0,0,0,0,0,0,0,0,0,0,0,0,0,0,0
cbc01,1,1990,rlik,0,0,0,x,0,0,0,0,0,0,0,0,0,0,0,0,0,0,0,0,0,0,0,0,0,0,0,0,x,x,x,0,0,0,0,x,x,0,x,0,0,x,0,0,0,x,x,0,0,0,0,x
cbc01,1,1990,flik,x,x,x,x,x,x,x,n,0,x,x,x,x,x,x,x,x,x,x,x,0,x,0,x,x,x,x,x,x,x,x,x,x,x,x,x,x,x,x,x,x,x,x,x,x,x,x,x,x,x,x,x
cbc01,1,1990,hair,0,0,x,x,x,x,x,x,0,x,x,x,x,x,x,x,0,0,x,0,0,0,0,x,x,x,x,x,x,x,x,x,x,0,x,x,x,x,x,x,x,x,0,x,x,x,x,x,x,0,x,x
cbc01,1,1990,down,x,x,x,x,x,x,x,x,x,x,x,x,x,x,x,x,x,x,x,x,0,0,0,x,x,x,x,x,x,x,x,x,x,x,x,x,x,x,x,x,x,x,x,x,x,x,0,x,0,x,x,x
cbc01,1,1990,saps,0,0,0,0,0,x,0,0,0,0,0,0,0,0,0,0,0,0,0,0,0,0,0,0,0,0,0,0,0,0,0,0,0,0,x,x,0,0,0,0,0,0,0,0,0,0,0,0,0,0,0,0
cbc01,1,1990,rbwo,0,x,x,x,x,x,x,x,x,x,x,x,x,x,x,x,x,x,x,x,x,0,0,x,x,x,x,x,x,x,x,x,x,x,x,x,x,x,x,x,x,x,x,x,x,x,x,x,x,x,x,x
cbc01,1,1990,scre,0,0,0,0,0,0,0,0,0,x,0,0,0,x,0,0,0,0,0,0,0,0,0,0,0,0,0,0,0,0,0,0,0,0,0,x,0,x,0,0,0,0,0,0,0,0,0,0,0,0,0,x
cbc01,1,1990,agwt,0,x,x,0,0,x,0,0,0,0,0,0,0,0,0,0,0,0,0,0,0,0,0,0,0,0,0,0,0,0,0,0,0,0,0,0,0,0,0,0,0,0,0,0,0,0,0,0,0,0,0,0
cbc01,1,1990,kywb,0,0,0,0,0,0,0,0,0,x,x,0,x,x,x,x,x,0,x,0,0,0,0,0,0,0,0,0,0,0,0,0,0,0,0,0,0,0,0,0,0,0,0,0,0,0,0,0,0,0,0,0
cbc01,1,1990,paru,0,0,0,0,0,0,0,x,0,x,x,0,0,0,0,0,x,0,x,0,0,0,0,0,0,0,x,0,0,0,0,0,0,0,0,0,0,0,0,0,0,0,0,0,0,0,0,0,0,0,0,0
cbc01,1,1990,nawb,0,0,0,0,0,0,0,0,x,x,0,0,0,0,0,0,0,0,0,0,0,0,0,0,0,x,x,x,x,x,x,0,0,0,0,0,0,0,0,0,0,0,0,0,0,0,0,0,0,0,0,0
cbc01,1,1990,ocwb,0,0,0,0,0,0,0,x,x,x,0,0,0,0,0,0,0,0,0,0,0,0,0,0,0,0,0,0,x,x,x,x,x,x,0,0,0,0,0,0,0,0,0,0,0,0,0,0,0,0,0,0
cbc01,1,1990,tnwb,0,0,0,0,0,0,0,0,0,x,x,0,0,0,0,0,0,0,0,0,0,0,0,0,0,0,0,0,0,0,0,0,0,0,0,0,0,0,0,0,0,0,0,0,0,0,0,0,0,0,0,0
cbc01,1,1990,revo,0,0,0,0,0,0,0,0,x,x,x,x,0,x,x,x,x,x,x,0,0,0,0,0,0,0,x,0,0,x,0,0,0,0,0,0,0,0,0,0,0,0,0,0,0,0,0,0,0,0,0,0
cbc01,1,1990,phvo,0,0,0,0,0,0,0,0,0,0,0,0,0,0,0,0,0,0,0,0,0,0,0,0,0,0,0,0,0,0,0,0,0,0,0,0,0,0,0,0,0,0,0,0,0,0,0,0,0,0,0,0
cbc01,1,1990,wavo,0,0,0,0,0,0,x,0,x,x,x,0,0,x,x,0,0,0,0,0,0,0,0,0,0,x,x,x,0,0,x,0,0,0,0,0,0,0,0,0,0,0,0,0,0,0,0,0,0,0,0,0
cbc01,1,1990,stvo,0,0,0,0,0,0,0,0,0,0,0,0,0,0,0,0,0,0,0,0,0,0,0,0,0,0,0,x,0,0,x,0,x,0,0,0,0,0,0,0,0,0,0,0,0,0,0,0,0,0,0,0
cbc01,1,1990,blvo,0,0,0,0,0,0,0,0,0,x,x,x,x,x,n,x,x,x,x,x,0,x,0,x,x,0,x,0,0,0,x,0,0,x,0,0,0,0,0,0,0,0,0,0,0,0,0,0,0,0,0,0
cbc01,1,1990,wevo,0,0,0,0,0,0,0,0,0,x,0,0,0,0,0,0,0,0,0,0,0,0,0,0,0,0,0,0,0,0,0,0,0,0,0,0,0,0,0,0,0,0,0,0,0,0,0,0,0,0,0,0
cbc01,1,1990,star,x,x,x,x,x,x,x,x,x,x,x,x,x,x,x,x,x,0,x,0,0,0,0,x,0,0,x,x,x,x,x,x,x,x,x,x,x,x,x,x,0,x,0,x,x,x,x,0,x,x,x,x
cbc01,1,1990,ylwb,0,0,0,0,0,0,0,0,0,x,x,x,0,x,x,0,0,0,0,0,0,0,0,0,x,0,x,0,0,0,0,0,0,0,0,0,0,0,0,0,0,0,0,0,0,0,0,0,0,0,0,0
cbc01,1,1990,cswb,0,0,0,0,0,0,0,0,0,0,x,0,0,0,0,0,0,0,0,0,0,0,0,0,0,0,0,0,0,0,0,0,0,0,0,0,0,0,0,0,0,0,0,0,0,0,0,0,0,0,0,0
cbc01,1,1990,mawb,0,0,0,0,0,0,0,0,0,0,0,0,0,0,0,0,0,0,0,0,0,0,0,0,0,0,0,0,0,0,0,0,0,0,0,0,0,0,0,0,0,0,0,0,0,0,0,0,0,0,0,0
cbc01,1,1990,lwth,0,0,0,0,x,x,x,n,n,n,n,n,x,n,x,x,x,x,x,x,0,0,0,x,x,x,x,0,0,0,0,0,0,0,0,0,0,0,0,0,0,0,0,0,0,0,0,0,0,0,0,0
cbc01,1,1990,oven,0,0,0,0,0,0,0,0,0,x,0,0,0,0,0,0,0,0,0,0,0,0,0,0,0,0,0,0,0,0,0,0,0,0,0,0,0,0,0,0,0,0,0,0,0,0,0,0,0,0,0,0
cbc01,1,1990,reds,0,0,0,0,0,0,0,0,0,x,x,0,0,0,0,x,0,0,0,0,0,0,0,0,0,x,x,0,0,0,x,0,0,0,0,0,0,0,0,0,0,0,0,0,0,0,0,0,0,0,0,0
cbc01,1,1990,bwwb,0,0,0,0,x,x,x,x,x,x,x,x,x,x,x,x,x,x,0,0,0,0,0,x,0,x,x,0,0,0,x,0,0,0,0,0,0,0,0,0,0,0,0,0,0,0,0,0,0,0,0,0
cbc01,1,1990,bpwb,0,0,0,0,0,0,0,0,0,0,x,0,0,0,0,0,0,0,0,0,0,0,0,0,0,0,0,0,0,0,0,0,0,0,0,0,0,0,0,0,0,0,0,0,0,0,0,0,0,0,0,0
cbc01,1,1990,bbwb,0,0,0,0,0,0,0,0,0,0,0,0,0,0,0,0,0,0,0,0,0,0,0,0,0,0,x,0,0,0,0,0,0,0,0,0,0,0,0,0,0,0,0,0,0,0,0,0,0,0,0,0
cbc01,1,1990,plwb,0,0,0,0,0,0,0,0,0,0,0,0,0,0,0,0,0,0,0,0,0,0,0,0,0,0,0,0,0,0,0,0,0,0,0,0,0,0,0,0,0,0,0,0,0,0,0,0,0,0,0,0
cbc01,1,1990,piwb,0,0,x,0,0,x,0,0,0,0,0,0,0,0,0,0,0,0,0,0,0,0,0,0,0,0,0,0,0,0,0,0,0,0,0,0,0,0,0,0,0,0,0,0,0,0,0,0,0,0,0,0
cbc01,1,1990,blwb,0,0,0,0,0,0,0,0,0,x,0,0,0,0,0,0,0,0,0,0,0,0,0,0,0,0,x,0,0,0,0,0,0,0,0,0,0,0,0,0,0,0,0,0,0,0,0,0,0,0,0,0
cbc01,1,1990,bgwb,0,0,0,0,0,0,0,0,0,0,0,0,0,0,0,0,0,0,0,0,0,0,0,0,0,0,0,0,x,0,x,x,0,0,0,0,0,0,0,0,0,0,0,0,0,0,0,0,0,0,0,0
cbc01,1,1990,yrwb,0,0,x,0,x,x,x,x,x,x,0,0,0,0,0,0,0,0,0,0,0,0,0,0,0,0,0,0,0,x,x,x,x,x,x,x,0,0,0,0,0,0,0,0,0,0,0,0,0,0,0,0
cbc01,1,1990,lshr,0,x,x,x,x,0,x,x,0,x,x,0,0,0,0,0,0,x,x,0,0,0,0,x,x,x,x,x,x,0,0,0,0,0,0,x,0,0,0,0,0,x,0,0,0,0,x,0,0,0,0,0
cbc01,1,1990,cwax,0,0,x,x,x,x,x,x,x,x,x,0,0,0,0,0,0,0,0,0,0,0,0,0,0,0,0,0,0,0,0,0,0,0,0,x,0,0,0,0,0,0,0,0,0,0,0,0,0,x,x,0
cbc01,1,1990,cang,0,0,0,0,0,0,0,0,0,0,0,0,0,0,0,0,0,0,0,0,0,0,0,0,0,0,0,0,0,0,0,0,x,0,x,0,0,0,0,0,0,0,0,0,0,0,0,0,0,0,x,x
cbc01,1,1990,snog,0,0,x,0,0,0,0,0,0,0,0,0,0,0,0,0,0,0,0,0,0,0,0,0,0,0,0,0,0,0,0,0,0,0,0,0,x,0,0,0,0,0,0,0,0,0,0,0,0,0,0,0
cbc01,1,1990,wfrg,0,0,0,0,0,0,0,0,0,0,0,0,0,0,0,0,0,0,0,0,0,0,0,0,0,0,0,0,0,0,0,0,0,x,0,0,0,0,0,0,0,0,0,0,0,0,0,0,0,0,x,0
cbc01,1,1990,bcnh,0,0,0,0,0,0,0,0,0,0,0,0,0,0,0,0,0,0,0,0,0,0,0,0,0,0,0,0,x,0,0,0,0,0,0,0,0,0,0,0,0,0,0,0,0,0,0,0,0,0,0,0
cbc01,1,1990,grhe,0,0,0,0,0,0,0,x,x,x,x,x,x,x,x,x,x,0,x,0,0,0,0,0,x,x,x,x,x,x,0,0,0,0,0,0,0,0,0,0,0,0,0,0,0,0,0,0,0,0,0,0
cbc01,1,1990,caeg,0,0,0,0,0,0,0,0,0,x,0,0,0,0,0,0,0,0,0,0,0,0,0,0,0,0,0,0,0,0,0,0,0,0,0,0,0,0,0,0,0,0,0,0,0,0,0,0,0,0,0,0
cbc01,1,1990,greg,0,0,0,0,0,0,0,0,0,0,0,0,0,0,0,0,0,0,0,0,0,0,0,0,0,0,0,0,0,0,0,0,0,0,0,0,0,0,0,0,0,0,0,0,0,0,0,0,0,0,0,0
cbc01,1,1990,gbhe,0,x,x,x,x,x,x,x,x,x,x,x,x,x,x,x,x,x,x,0,0,0,0,x,0,x,x,x,x,x,x,x,0,0,0,0,0,0,0,x,x,0,0,0,0,0,0,0,0,x,x,x
cbc01,1,1990,bitt,0,0,0,0,0,0,0,0,0,0,0,0,0,0,0,0,0,0,0,0,0,0,0,0,0,0,0,0,0,0,0,0,0,0,0,0,0,0,0,0,0,0,0,0,0,0,0,0,0,0,0,0
cbc01,1,1990,corm,0,0,0,0,0,x,x,x,0,0,0,0,0,0,0,0,0,0,0,0,0,0,0,0,0,0,x,0,x,x,x,x,x,x,x,0,0,0,0,0,0,0,0,0,0,0,0,0,0,0,0,0
cbc01,1,1990,pelc,0,0,0,0,0,0,0,x,0,0,0,0,0,0,0,0,0,0,0,0,0,0,0,0,0,0,0,0,0,x,0,0,0,0,0,0,0,0,0,0,0,0,0,0,0,0,0,0,0,0,0,0
cbc01,1,1990,wood,0,0,x,x,x,x,x,x,x,x,0,x,0,x,0,0,0,0,0,0,0,0,0,0,0,0,0,0,0,0,x,0,0,0,0,0,0,0,0,0,0,0,0,0,x,0,0,0,0,0,0,0
cbc01,1,1990,mblu,0,0,0,0,0,x,0,0,0,0,0,0,0,0,0,0,0,0,0,0,0,0,0,0,0,0,0,0,0,0,0,0,0,0,0,0,0,0,0,0,0,0,0,0,0,x,0,0,0,0,0,0
cbc01,1,1990,tsol,0,0,0,0,0,0,0,0,0,0,0,0,0,0,0,0,0,0,0,0,0,0,0,0,0,0,0,0,0,0,0,0,0,0,0,0,0,0,0,0,0,0,0,0,0,0,0,0,0,0,0,0
cbc01,1,1990,spip,0,0,0,0,0,0,0,0,0,0,0,0,0,0,0,0,0,0,0,0,0,0,0,0,0,0,0,0,0,0,x,0,0,0,0,0,0,0,0,0,0,0,0,0,0,0,0,0,0,0,0,0
cbc01,1,1990,wpip,0,0,0,0,0,0,0,0,x,0,0,0,0,0,0,0,0,0,0,0,0,0,0,0,0,0,0,0,0,0,x,0,0,0,0,0,0,0,0,0,0,0,0,0,0,0,0,0,0,0,0,0
cbc01,1,1990,thra,0,0,0,0,x,x,x,x,x,n,x,x,n,x,x,x,x,x,x,x,x,x,0,x,x,x,x,x,x,x,x,0,x,0,0,0,0,0,0,0,0,0,0,0,0,0,0,0,0,0,0,0
cbc01,1,1990,mock,0,0,0,x,0,x,x,x,x,x,0,0,0,0,x,0,0,0,0,0,0,0,0,0,x,0,0,0,0,0,0,0,0,0,0,0,0,0,0,0,0,0,0,0,0,0,0,0,0,0,0,0
cbc01,1,1990,catb,0,0,0,0,0,x,0,0,0,x,x,0,0,x,x,0,x,x,x,0,0,0,0,x,x,x,x,0,x,x,x,0,x,0,0,0,0,0,0,0,0,0,0,0,0,0,0,0,0,0,0,0
cbc01,1,1990,robn,x,x,x,x,x,x,x,x,x,n,x,x,x,x,x,x,x,x,x,x,x,x,0,x,x,x,x,x,x,x,x,x,x,x,x,x,x,x,x,x,x,x,x,x,x,x,0,0,x,x,x,x
cbc01,1,1990,wthr,0,0,0,0,0,0,0,0,0,x,0,0,0,0,0,0,0,0,0,0,0,0,0,0,0,0,0,0,0,0,0,0,0,0,0,0,0,0,0,0,0,0,0,0,0,0,0,0,0,0,0,0
cbc01,1,1990,hthr,0,0,0,0,0,0,0,0,0,0,0,0,0,0,0,0,0,0,0,0,0,0,0,0,0,0,0,0,0,0,0,0,x,0,0,0,0,0,0,0,0,0,0,0,0,0,0,0,0,0,0,0
cbc01,1,1990,sthr,0,0,0,0,0,0,0,0,0,x,x,0,0,0,0,0,0,0,0,0,0,0,0,0,0,0,0,0,x,0,0,0,0,0,0,0,0,0,0,0,0,0,0,0,0,0,0,0,0,0,0,0
cbc01,1,1990,gthr,0,0,0,0,0,0,0,0,0,0,x,0,0,0,0,0,0,0,0,0,0,0,0,0,0,0,0,0,0,0,0,0,0,0,0,0,0,0,0,0,0,0,0,0,0,0,0,0,0,0,0,0
cbc01,1,1990,very,0,0,0,0,0,0,0,0,0,0,0,0,0,0,0,0,0,0,0,0,0,0,0,0,0,0,0,0,0,0,0,0,0,0,0,0,0,0,0,0,0,0,0,0,0,0,0,0,0,0,0,0
cbc01,1,1990,pbgr,0,0,x,x,x,0,x,0,0,0,0,0,0,0,0,0,0,0,0,0,0,0,0,0,0,0,0,0,0,0,0,0,x,0,x,0,0,0,0,0,0,0,0,0,0,0,0,0,0,0,0,0
cbc01,1,1990,mowb,0,0,0,0,0,0,0,0,0,0,0,0,0,0,0,0,0,0,0,0,0,0,0,0,0,0,0,0,0,0,x,0,0,0,0,0,0,0,0,0,0,0,0,0,0,0,0,0,0,0,0,0
cbc01,1,1990,hous,x,x,x,x,x,x,x,x,x,x,x,x,x,x,x,x,x,x,x,x,0,x,0,x,x,x,x,x,x,x,x,x,x,x,x,x,0,0,0,x,0,0,0,x,x,x,x,x,x,x,x,x
cbc01,1,1990,rwbb,0,x,x,x,x,x,x,x,x,x,x,x,x,x,x,x,x,x,x,x,0,x,0,0,0,0,0,0,x,x,x,x,x,x,x,x,x,x,x,x,0,0,0,x,x,0,x,x,0,x,x,x
cbc01,1,1990,bobk,0,0,0,0,0,0,0,0,0,0,0,0,0,0,0,0,0,0,0,0,0,0,0,0,0,0,0,0,0,0,0,0,0,0,0,0,0,0,0,0,0,0,0,0,0,0,0,0,0,0,0,0
cbc01,1,1990,snbu,0,0,0,0,0,0,0,0,0,0,0,0,0,0,0,0,0,0,0,0,0,0,0,0,0,0,0,0,0,0,0,0,0,0,0,x,0,0,0,0,0,0,0,0,0,0,0,0,0,0,0,0
cbc01,1,1990,chcl,0,0,0,0,0,x,0,0,0,0,0,0,0,0,0,0,0,0,0,0,0,0,0,0,0,0,0,0,0,0,0,0,0,0,0,0,0,0,0,0,0,0,0,0,0,0,0,0,0,0,0,0
cbc01,1,1990,smil,0,0,0,0,0,0,0,0,0,0,0,0,0,0,0,0,0,0,0,0,0,0,0,0,0,0,0,0,0,0,0,0,0,0,0,0,0,0,0,0,0,0,0,0,0,0,0,0,0,0,0,0
cbc01,1,1990,lapl,0,0,0,0,0,0,0,0,0,0,0,0,0,0,0,0,0,0,0,0,0,0,0,0,0,0,0,0,0,0,0,0,0,0,0,0,0,0,0,0,0,0,0,0,0,0,0,0,0,0,0,0
cbc01,1,1990,orju,0,0,0,x,0,0,0,0,0,0,0,0,0,0,0,0,0,0,0,0,0,0,0,0,0,0,0,0,0,0,0,0,0,0,x,0,0,0,0,0,0,0,0,0,x,0,0,0,0,0,0,0
cbc01,1,1990,deju,x,x,x,x,x,x,x,0,0,0,0,0,0,0,0,0,0,0,0,0,0,0,0,0,0,0,0,0,0,0,x,x,x,x,x,x,x,x,x,x,x,x,x,x,x,x,x,x,x,x,x,x
cbc01,1,1990,hars,x,x,x,x,x,x,x,x,x,x,x,0,0,0,0,0,0,0,0,0,0,0,0,0,0,0,0,0,0,0,0,x,0,x,x,x,x,x,x,x,0,0,0,0,x,0,0,x,0,0,x,x
cbc01,1,1990,whcs,0,0,0,0,0,0,0,x,x,x,0,0,0,0,0,0,0,0,0,0,0,0,0,0,0,0,0,0,0,0,x,0,x,x,x,x,0,0,0,0,0,0,0,0,0,0,0,0,0,0,0,0
cbc01,1,1990,wths,0,0,0,0,0,x,0,x,x,x,x,0,0,0,0,0,0,0,0,0,0,0,0,0,0,0,0,0,0,0,0,x,x,x,x,x,0,0,0,0,0,0,0,0,0,0,0,0,0,0,0,0
cbc01,1,1990,emdl,x,x,x,x,x,x,n,x,n,x,x,x,x,n,x,n,x,x,x,x,0,x,0,x,x,x,x,x,x,x,x,x,x,x,x,x,0,x,x,x,x,x,0,0,x,x,0,0,0,0,x,x
cbc01,1,1990,wmdl,0,x,x,0,x,x,0,0,0,0,0,0,0,0,0,0,0,0,0,0,0,0,0,0,0,0,0,0,0,0,x,0,0,0,0,0,0,0,0,0,0,0,0,0,0,0,0,0,0,0,x,x
cbc01,1,1990,yhbb,0,0,0,0,0,0,0,0,0,0,0,0,0,0,0,0,0,0,0,0,0,0,0,0,0,0,0,0,0,0,0,0,0,0,0,0,0,0,0,0,0,0,0,0,0,0,0,0,0,0,0,0
cbc01,1,1990,grob,0,0,0,0,0,0,0,0,0,0,0,0,0,0,0,0,0,0,0,0,0,0,0,0,0,0,0,0,0,0,0,0,0,0,0,0,0,0,0,x,0,0,0,x,0,0,0,0,0,0,0,0
cbc01,1,1990,glfh,x,0,x,x,x,x,x,x,x,x,x,x,x,x,n,x,x,x,x,x,x,0,0,x,x,x,x,x,x,x,x,x,x,x,x,x,x,x,x,x,x,x,x,x,x,x,0,x,x,x,x,x
cbc01,1,1990,sisk,0,0,0,x,x,x,0,x,0,0,0,0,0,0,0,0,0,0,0,0,0,0,0,0,0,0,0,0,0,0,0,0,0,0,x,0,x,0,0,x,0,0,0,0,x,0,0,0,0,0,0,0
cbc01,1,1990,purp,0,0,0,0,0,0,0,0,0,0,0,0,0,0,0,0,0,0,0,0,0,0,0,0,0,0,0,0,0,0,0,0,0,0,0,x,0,0,0,0,0,0,0,0,0,x,0,0,0,0,x,0
cbc01,1,1990,noor,0,0,0,0,0,0,0,x,x,x,x,x,x,x,n,x,x,x,x,x,x,0,0,x,x,x,x,0,x,0,x,0,0,0,0,0,0,0,0,0,0,0,0,0,0,0,0,0,0,0,0,0
cbc01,1,1990,oror,0,0,0,0,0,0,0,0,0,x,x,x,x,x,x,0,0,x,x,0,0,0,0,0,0,0,0,0,0,0,0,0,0,0,0,0,0,0,0,0,0,0,0,0,0,0,0,0,0,0,0,0
cbc01,1,1990,bhcb,x,x,x,x,x,x,x,x,x,x,x,x,x,x,x,x,x,x,x,x,0,x,0,0,x,x,x,0,x,x,x,x,x,x,x,x,x,0,0,0,0,0,0,0,0,0,0,x,0,0,0,0
cbc01,1,1990,cogr,0,0,x,x,x,x,x,x,x,x,x,x,x,x,x,x,x,x,x,x,0,0,0,x,0,x,x,0,x,x,x,x,x,x,x,x,x,0,x,0,0,0,0,0,0,0,0,0,0,0,0,0
cbc01,1,1990,gtgr,0,0,0,0,0,0,0,0,0,0,0,0,0,x,0,0,0,0,0,0,0,0,0,0,0,0,0,0,0,0,0,0,0,0,0,0,0,0,0,0,0,0,0,0,0,0,0,0,0,0,0,0
cbc01,1,1990,brbb,0,0,0,0,0,x,x,x,0,0,0,0,0,0,0,0,0,0,0,0,0,0,0,0,0,0,0,0,0,0,0,0,0,0,0,0,0,0,0,0,0,0,0,0,0,0,0,x,0,0,0,0
cbc01,1,1990,rubb,0,0,0,0,0,0,0,0,0,0,0,0,0,0,0,0,0,0,0,0,0,0,0,0,0,0,0,0,0,0,0,0,0,0,0,0,0,0,0,0,0,0,0,0,0,x,0,0,0,0,0,0
cbc01,1,1990,swms,0,0,0,x,x,0,0,x,0,0,0,0,0,0,0,0,0,0,0,0,0,0,0,0,0,0,0,0,0,0,x,x,0,x,x,x,0,0,0,0,0,0,0,0,0,0,0,0,0,0,x,0
cbc01,1,1990,ythr,0,0,0,0,0,0,0,0,x,x,x,x,x,x,x,x,x,x,x,x,0,x,0,x,x,x,x,0,x,0,x,0,x,0,0,0,0,0,0,0,0,0,0,0,0,0,0,0,0,0,0,0
cbc01,1,1990,rsto,0,0,0,x,x,x,x,x,x,x,x,x,x,x,x,x,x,x,x,x,x,0,0,x,x,x,x,0,0,0,0,x,0,0,0,0,0,0,0,0,0,0,0,0,0,0,0,0,0,0,0,0
cbc01,1,1990,dick,0,0,0,0,0,0,0,x,x,x,x,n,n,n,n,x,n,n,n,x,0,x,0,x,x,x,x,0,x,0,x,x,0,x,0,0,0,0,0,0,0,0,0,0,0,0,0,0,0,0,0,0
cbc01,1,1990,inbu,0,0,0,0,0,0,0,0,0,x,x,x,x,x,x,x,x,x,x,x,x,0,0,x,x,0,x,x,x,x,x,0,0,0,0,0,0,0,0,0,0,0,0,0,0,0,0,0,0,0,0,0
cbc01,1,1990,lazl,0,0,0,0,0,0,0,0,0,0,x,0,0,0,0,0,0,0,0,0,0,0,0,0,0,0,0,0,0,0,0,0,0,0,0,0,0,0,0,0,0,0,0,0,0,0,0,0,0,0,0,0
cbc01,1,1990,blgr,0,0,0,0,0,0,0,0,0,0,x,x,x,x,x,x,0,x,x,x,x,x,0,x,x,0,0,0,0,0,0,0,0,0,0,0,0,0,0,0,0,0,0,0,0,0,0,0,0,0,0,0
cbc01,1,1990,rbgr,0,0,0,0,0,0,0,0,x,x,x,x,x,x,x,x,x,x,0,0,0,0,0,x,0,x,0,0,0,0,0,0,0,0,0,0,0,0,0,0,0,0,0,0,0,0,0,0,0,0,0,0
cbc01,1,1990,carn,x,x,x,x,x,x,x,x,n,x,x,x,x,x,x,x,x,x,x,x,x,x,0,x,x,x,x,x,x,x,x,x,x,x,x,x,x,x,x,x,x,x,x,x,x,x,x,x,x,x,x,x
cbc01,1,1990,sctn,0,0,0,0,0,0,0,0,0,0,x,0,0,0,0,0,x,x,x,x,0,0,0,x,0,0,0,0,0,0,0,0,0,0,0,0,0,0,0,0,0,0,0,0,0,0,0,0,0,0,0,0
cbc01,1,1990,sutn,0,0,0,0,0,0,0,0,x,x,x,0,x,x,x,x,x,0,x,x,x,0,0,x,0,x,x,x,x,0,x,0,0,0,0,0,0,0,0,0,0,0,0,0,0,0,0,0,0,0,0,0
cbc01,1,1990,ybch,0,0,0,0,0,0,0,0,0,0,0,0,0,0,0,0,0,0,0,0,0,0,0,0,0,0,0,0,0,0,0,0,0,0,0,0,0,0,0,0,0,0,0,0,0,0,0,0,0,0,0,0
cbc01,1,1990,wlwb,0,0,0,0,0,0,0,0,0,x,0,0,0,0,0,0,0,0,0,0,0,0,0,0,0,x,x,0,0,0,0,0,0,0,0,0,0,0,0,0,0,0,0,0,0,0,0,0,0,0,0,0
cbc01,1,1990,spto,0,x,x,0,0,x,0,x,0,x,0,0,0,0,0,0,0,0,0,0,0,0,0,0,0,0,0,0,0,x,x,x,x,0,0,x,0,0,x,0,x,0,0,0,x,0,0,x,0,x,x,x
cbc01,1,1990,tres,x,x,x,x,x,0,0,0,x,0,0,0,0,0,0,0,0,0,0,0,0,0,0,0,0,0,0,0,0,0,0,0,x,x,x,x,x,x,x,x,x,x,x,x,x,x,x,x,x,x,x,x
cbc01,1,1990,chps,0,0,0,0,0,x,x,x,x,x,x,0,0,0,0,0,0,0,0,0,0,0,0,0,0,0,0,0,x,x,x,0,x,x,x,0,0,0,0,0,0,0,0,0,0,0,0,0,0,0,0,0
cbc01,1,1990,lins,0,x,0,x,x,x,x,x,x,x,x,0,0,0,0,0,0,0,0,0,0,0,0,0,0,0,0,0,x,x,x,x,x,x,x,x,0,0,0,0,0,0,x,0,x,0,0,0,0,0,0,0
cbc01,1,1990,sogs,x,0,x,x,x,x,x,x,0,0,0,0,0,0,0,0,0,0,0,0,0,0,0,0,0,0,0,0,0,x,x,0,x,x,x,x,x,x,x,x,x,x,x,x,x,x,x,x,x,0,0,x
cbc01,1,1990,foxs,0,x,x,x,x,x,0,0,0,0,0,0,0,0,0,0,0,0,0,0,0,0,0,0,0,0,0,0,0,0,x,0,0,0,x,x,0,0,0,0,0,0,0,0,0,0,0,0,0,0,0,0
cbc01,1,1990,lecs,0,0,0,x,x,x,0,x,0,0,0,0,0,0,0,0,0,0,0,0,0,0,0,0,0,0,0,0,0,0,x,x,x,x,x,x,0,0,0,0,0,0,0,0,0,0,0,0,0,0,0,0
cbc01,1,1990,hens,0,0,0,0,x,x,x,x,x,x,x,x,x,x,x,x,x,x,x,x,x,x,0,0,x,0,0,0,0,0,0,0,x,x,x,0,0,0,0,0,0,0,0,0,0,0,0,0,0,0,0,0
cbc01,1,1990,gras,0,0,0,0,0,x,x,x,x,x,x,x,n,n,n,x,x,x,x,n,0,x,0,x,x,x,x,x,x,0,0,x,x,0,x,0,0,0,0,0,0,0,0,0,0,0,0,0,0,0,0,0
cbc01,1,1990,savs,0,x,x,x,x,x,x,x,x,x,0,0,0,0,0,0,0,0,0,0,0,0,0,0,0,0,0,0,x,0,x,x,x,x,x,x,0,0,0,0,0,0,0,0,0,0,0,0,0,0,0,0
cbc01,1,1990,ccos,0,0,0,0,0,0,0,x,x,x,0,0,0,0,0,0,0,0,0,0,0,0,0,0,0,0,0,0,0,x,x,x,0,0,0,0,0,0,0,0,0,0,0,0,0,0,0,0,0,0,0,0
cbc01,1,1990,flds,x,x,x,x,x,x,x,x,x,x,x,n,x,x,x,x,x,x,x,x,0,x,0,x,x,x,x,x,x,x,x,x,x,x,x,x,0,x,x,x,x,0,0,0,x,x,x,x,0,0,0,x
cbc01,1,1990,vess,0,0,x,x,x,x,x,x,x,0,0,0,0,0,0,0,0,0,0,0,0,0,0,0,0,0,0,0,0,x,x,x,x,x,x,0,0,0,0,0,0,0,0,0,0,0,0,0,0,0,0,0
cbc01,1,1990,lrks,0,0,0,0,0,x,x,x,x,x,x,0,0,0,x,x,x,x,x,0,0,0,0,x,0,0,0,0,0,0,0,x,0,0,0,0,0,0,0,0,0,0,0,0,0,0,0,0,0,0,0,0
cbc01,1,1990,lbun,0,0,0,0,0,0,0,0,0,0,0,0,0,0,0,0,0,0,0,0,0,0,0,0,0,0,0,0,0,0,0,0,0,0,0,0,0,0,0,0,0,0,0,0,0,0,0,0,0,0,0,0
cbc01,1,1996,blgr,0,0,0,0,0,0,0,0,0,x,x,x,x,x,x,x,x,0,x,0,x,0,x,x,x,0,x,0,x,0,0,0,0,0,0,0,0,0,0,0,0,0,0,0,0,0,0,0,0,0,0,0
cbc01,1,1996,rbgr,0,0,0,0,0,0,0,0,0,x,x,0,0,x,0,x,0,0,0,x,0,0,0,0,0,0,0,0,0,0,0,0,0,0,0,0,0,0,0,0,0,0,0,0,0,0,0,0,0,0,0,0
cbc01,1,1996,carn,0,x,x,x,x,x,x,x,x,x,x,x,x,x,x,x,x,x,x,x,x,0,x,x,0,x,x,x,x,x,x,x,x,x,x,x,x,x,x,x,0,0,0,x,x,0,x,0,x,0,x,x
cbc01,1,1996,sctn,0,0,0,0,0,0,0,0,0,x,0,0,0,0,0,0,0,0,0,0,0,0,0,0,0,0,x,0,0,0,0,0,0,0,0,0,0,0,0,0,0,0,0,0,0,0,0,0,0,0,0,0
cbc01,1,1996,sutn,0,0,0,0,0,0,0,x,x,x,x,x,x,x,x,x,x,x,x,0,x,0,x,x,0,0,0,0,x,x,0,0,0,0,0,0,0,0,0,0,0,0,0,0,0,0,0,0,0,0,0,0
cbc01,1,1996,ybch,0,0,0,0,0,0,0,0,0,0,x,0,x,x,0,0,0,0,0,0,0,0,0,0,0,0,0,0,0,0,0,0,0,0,0,0,0,0,0,0,0,0,0,0,0,0,0,0,0,0,0,0
cbc01,1,1996,wlwb,0,0,0,0,0,0,0,0,0,0,x,x,0,0,0,0,0,0,0,0,0,0,0,0,0,x,x,0,0,x,x,0,0,0,0,0,0,0,0,0,0,0,0,0,0,0,0,0,0,0,0,0
cbc01,1,1996,ythr,0,0,0,0,0,0,0,0,x,x,x,x,x,x,x,x,x,x,x,x,x,0,x,x,0,0,0,0,0,x,0,0,0,0,0,0,0,0,0,0,0,0,0,0,0,0,0,0,0,0,0,0
cbc01,1,1996,mowb,0,0,0,0,0,0,0,0,0,0,x,0,0,0,0,0,0,0,0,0,0,0,0,0,0,0,0,0,0,0,x,0,0,0,0,0,0,0,0,0,0,0,0,0,0,0,0,0,0,0,0,0
cbc01,1,1996,inbu,0,0,0,0,0,0,0,0,0,x,x,x,x,x,x,x,x,x,0,0,x,0,x,x,0,x,0,0,x,0,x,0,x,0,0,0,0,0,0,0,0,0,0,0,0,0,0,0,0,0,0,0
cbc01,1,1996,dick,0,0,0,0,0,0,0,0,0,x,x,x,x,x,x,x,x,x,x,x,x,0,x,x,x,x,x,0,x,x,0,0,0,0,0,x,0,0,0,0,0,0,0,0,0,0,0,0,0,0,0,0
cbc01,1,1996,lbun,0,0,0,0,0,0,0,0,0,0,0,0,0,x,0,0,0,0,0,0,0,0,0,0,0,x,0,0,0,0,0,0,0,0,0,0,0,0,0,0,0,0,0,0,0,0,0,0,0,0,0,0
cbc01,1,1996,lrks,0,0,0,0,x,0,x,x,x,x,x,x,x,x,x,x,x,x,x,x,x,0,x,0,0,x,x,0,0,0,0,0,0,0,0,0,0,0,0,0,0,0,0,0,0,0,0,0,0,0,0,0
cbc01,1,1996,vess,0,0,0,x,x,x,x,x,x,0,0,0,0,0,0,0,0,0,0,0,0,0,0,0,0,0,0,0,0,x,x,x,x,x,x,0,0,0,0,0,0,0,0,0,0,0,0,0,0,0,0,0
cbc01,1,1996,flds,0,x,x,x,x,x,x,x,x,x,x,x,x,x,x,x,x,x,x,x,x,0,x,x,x,x,x,x,x,x,x,x,x,x,x,x,x,0,0,x,0,0,0,0,0,0,0,0,0,0,0,0
cbc01,1,1996,ccos,0,0,0,0,0,0,0,0,0,x,x,0,0,0,0,0,0,0,0,0,0,0,0,0,0,0,0,0,0,x,0,0,0,0,0,0,0,0,0,0,0,0,0,0,0,0,0,0,0,0,0,0
cbc01,1,1996,chps,0,0,0,0,0,0,x,x,x,x,x,0,0,0,x,0,0,0,0,0,0,0,0,0,0,x,0,0,x,0,x,x,x,x,x,0,0,0,0,0,0,0,0,0,0,0,0,0,0,0,0,0
cbc01,1,1996,tres,x,x,x,x,x,0,0,0,0,0,0,0,0,0,0,0,0,0,0,0,0,0,0,0,0,0,0,0,0,0,0,0,x,x,x,x,x,x,x,x,0,0,0,x,x,x,x,x,x,x,x,x
cbc01,1,1996,spto,0,0,0,0,x,x,0,x,x,x,0,0,0,0,0,0,0,0,0,0,0,0,0,0,0,0,0,0,0,x,x,x,x,x,x,x,0,0,0,0,0,0,0,x,0,0,0,0,0,0,0,0
cbc01,1,1996,rsto,0,0,0,0,0,x,x,x,0,x,x,x,x,x,x,x,x,x,x,x,x,0,0,x,0,0,x,0,0,0,0,0,x,0,0,0,0,0,0,0,0,0,0,0,0,0,0,0,0,0,0,0
cbc01,1,1996,kywb,0,0,0,0,0,0,0,0,0,x,x,x,0,x,0,x,0,0,0,0,0,0,0,0,0,0,0,0,0,0,0,0,0,0,0,0,0,0,0,0,0,0,0,0,0,0,0,0,0,0,0,0
cbc01,1,1996,lwth,0,0,0,0,x,0,x,x,x,x,x,x,x,x,x,x,0,0,x,0,0,0,0,0,0,0,0,0,0,0,0,0,0,0,0,0,0,0,0,0,0,0,0,0,0,0,0,0,0,0,0,0
cbc01,1,1996,tnwb,0,0,0,0,0,0,0,0,0,x,x,0,0,0,0,0,0,0,0,0,0,0,0,0,0,0,0,0,0,0,0,0,0,0,0,0,0,0,0,0,0,0,0,0,0,0,0,0,0,0,0,0
cbc01,1,1996,revo,0,0,0,0,0,0,0,0,0,x,x,x,x,x,x,x,x,0,0,0,0,0,0,0,0,x,0,0,0,0,0,0,0,0,0,0,0,0,0,0,0,0,0,0,0,0,0,0,0,0,0,0
cbc01,1,1996,wavo,0,0,0,0,0,0,0,0,0,x,x,x,x,0,0,0,0,0,0,0,0,0,0,0,0,x,x,0,0,0,0,0,0,0,0,0,0,0,0,0,0,0,0,0,0,0,0,0,0,0,0,0
cbc01,1,1996,stvo,0,0,0,0,0,0,0,0,0,0,0,0,0,0,0,0,0,0,0,0,0,0,0,0,0,0,0,0,x,0,x,0,0,0,0,0,0,0,0,0,0,0,0,0,0,0,0,0,0,0,0,0
cbc01,1,1996,blvo,0,0,0,0,0,0,0,0,0,x,x,x,x,x,x,x,x,x,x,x,0,0,0,x,0,0,x,0,0,0,0,0,0,0,0,0,0,0,0,0,0,0,0,0,0,0,0,0,0,0,0,0
cbc01,1,1996,star,0,x,x,x,x,x,x,x,x,x,x,x,x,x,x,x,x,x,x,0,x,0,0,x,x,x,x,x,x,x,x,x,x,x,x,x,x,x,0,0,0,0,0,x,x,0,0,0,0,x,0,0
cbc01,1,1996,lshr,x,x,x,0,x,x,x,x,x,x,x,x,x,n,x,x,x,x,x,x,x,0,x,x,0,0,x,x,0,x,0,0,x,x,x,x,0,0,x,0,0,0,0,x,x,0,0,0,0,0,0,0
cbc01,1,1996,nshr,0,0,0,0,0,0,0,0,0,0,0,0,0,0,0,0,0,0,0,0,0,0,0,0,0,0,0,0,0,0,0,0,0,0,0,0,0,0,0,0,0,0,0,x,0,0,0,0,0,0,0,0
cbc01,1,1996,ocwb,0,0,0,0,0,0,0,x,x,x,x,0,0,0,0,0,0,0,0,0,0,0,0,0,0,0,0,x,0,x,x,x,x,0,0,0,0,0,0,0,0,0,0,0,0,0,0,0,0,0,0,0
cbc01,1,1996,nawb,0,0,0,0,0,0,0,0,0,0,x,0,0,0,0,0,0,0,0,0,0,0,0,0,0,0,x,x,x,0,x,x,x,0,0,0,0,0,0,0,0,0,0,0,0,0,0,0,0,0,0,0
cbc01,1,1996,paru,0,0,0,0,0,0,x,x,0,0,x,0,x,0,0,x,0,0,0,0,0,0,0,0,0,0,0,0,0,0,0,0,0,0,0,0,0,0,0,0,0,0,0,0,0,0,0,0,0,0,0,0
cbc01,1,1996,oven,0,0,0,0,0,0,0,0,0,x,0,0,0,0,0,0,0,0,0,0,0,0,0,0,0,0,0,0,0,0,0,0,0,0,0,0,0,0,0,0,0,0,0,0,0,0,0,0,0,0,0,0
cbc01,1,1996,reds,0,0,0,0,0,0,0,0,0,x,x,0,0,0,0,0,0,0,0,0,0,0,0,0,0,x,0,0,0,0,0,0,0,0,0,0,0,0,0,0,0,0,0,0,0,0,0,0,0,0,0,0
cbc01,1,1996,bwwb,0,0,0,0,x,0,x,x,x,x,x,x,0,x,x,x,0,0,0,0,0,0,0,0,0,x,x,0,0,0,0,0,0,0,0,0,0,0,0,0,0,0,0,0,0,0,0,0,0,0,0,0
cbc01,1,1996,bpwb,0,0,0,0,0,0,0,0,0,0,x,0,0,0,0,0,0,0,0,0,0,0,0,0,0,0,0,0,0,0,0,0,0,0,0,0,0,0,0,0,0,0,0,0,0,0,0,0,0,0,0,0
cbc01,1,1996,blwb,0,0,0,0,0,0,0,0,0,0,0,0,x,0,0,0,0,0,0,0,0,0,0,0,0,0,0,0,0,0,0,0,0,0,0,0,0,0,0,0,0,0,0,0,0,0,0,0,0,0,0,0
cbc01,1,1996,plwb,0,0,0,0,0,0,0,0,0,0,0,0,0,0,0,0,0,0,0,0,0,0,0,0,0,0,0,0,0,0,x,0,0,0,0,0,0,0,0,0,0,0,0,0,0,0,0,0,0,0,0,0
cbc01,1,1996,yrwb,x,0,0,0,0,0,x,x,x,x,x,0,0,0,0,0,0,0,0,0,0,0,0,0,0,0,0,0,0,x,x,x,x,x,x,0,0,0,0,0,0,0,0,0,0,0,0,0,0,0,0,0
cbc01,1,1996,yewb,0,0,0,0,0,0,0,0,0,x,x,0,x,x,0,0,0,0,0,0,0,0,0,0,0,x,x,0,0,0,0,0,0,0,0,0,0,0,0,0,0,0,0,0,0,0,0,0,0,0,0,0
cbc01,1,1996,cwax,0,0,0,0,0,0,x,x,0,x,x,0,0,0,0,0,0,0,0,0,0,0,0,0,0,0,x,0,0,0,0,x,x,0,0,0,x,0,x,0,0,0,0,0,0,0,0,0,x,x,0,0
cbc01,1,1996,savs,0,0,x,0,x,x,x,x,x,x,x,x,0,0,0,0,0,0,0,0,0,0,0,0,0,0,0,0,x,0,x,x,x,x,0,0,x,0,0,0,0,0,0,0,0,0,0,0,0,0,0,0
cbc01,1,1996,shar,0,0,0,0,0,0,0,0,0,0,0,0,0,0,0,0,0,0,0,0,0,0,0,x,0,0,0,0,x,0,0,x,0,x,0,x,x,x,0,x,0,0,0,0,0,0,x,0,0,0,0,0
cbc01,1,1996,corm,0,0,0,0,0,0,0,0,0,0,0,0,0,0,0,0,0,0,0,0,0,0,0,0,0,0,0,0,0,0,0,x,0,0,0,0,0,0,0,0,0,0,0,0,0,0,0,0,0,0,0,0
cbc01,1,1996,pbgr,0,0,0,0,0,0,0,x,0,0,0,0,0,0,0,0,0,0,0,0,0,0,0,0,0,0,0,0,0,0,0,0,0,0,0,0,0,0,0,0,0,0,0,0,0,0,0,0,0,0,0,0
cbc01,1,1996,hous,0,x,x,x,x,x,x,x,x,x,x,x,x,x,x,x,x,0,x,x,x,0,x,x,x,x,x,x,x,x,0,x,x,0,0,x,x,x,0,0,0,0,0,0,x,x,0,0,x,x,0,0
cbc01,1,1996,glfh,0,0,x,x,x,0,x,x,x,x,x,x,x,x,x,x,x,x,x,x,x,0,x,x,0,x,x,x,x,x,x,x,x,x,x,x,x,x,x,x,0,0,0,0,x,x,x,0,0,0,0,0
cbc01,1,1996,sisk,0,0,0,0,0,0,0,0,0,0,0,0,0,0,0,0,0,0,0,0,0,0,0,0,0,0,0,0,0,0,0,0,0,0,x,0,0,0,0,0,0,0,0,0,0,x,0,0,0,0,0,0
cbc01,1,1996,houf,x,0,0,0,0,0,x,0,0,0,0,0,0,0,0,0,0,0,0,0,0,0,0,0,0,0,0,0,x,0,0,x,x,0,0,x,x,0,0,0,0,0,0,0,0,0,0,0,0,0,0,0
cbc01,1,1996,noor,0,0,0,0,0,0,0,x,x,x,x,x,x,x,x,x,x,0,x,0,x,0,x,x,x,x,x,x,x,0,0,0,0,0,0,0,0,0,0,0,0,0,0,0,0,0,0,0,0,0,0,0
cbc01,1,1996,oror,0,0,0,0,0,0,0,0,0,x,x,x,x,x,x,x,x,0,x,0,x,0,0,0,0,0,x,0,0,0,0,0,0,0,0,0,0,0,0,0,0,0,0,0,0,0,0,0,0,0,0,0
cbc01,1,1996,gbhe,0,x,x,0,x,x,x,x,x,x,x,x,x,x,x,x,x,x,x,0,x,0,0,x,0,0,x,0,x,0,0,0,0,x,x,x,0,x,0,0,0,0,0,0,x,0,0,0,0,0,0,0
cbc01,1,1996,grhe,0,0,0,0,0,0,0,x,x,x,x,x,x,0,0,0,x,0,0,0,0,0,x,0,0,0,x,0,0,x,0,0,0,0,0,0,0,0,0,0,0,0,0,0,0,0,0,0,0,0,0,0
cbc01,1,1996,ycnh,0,0,0,0,0,0,0,0,0,0,0,0,0,0,0,0,0,0,0,0,0,0,0,0,0,0,x,0,0,0,0,0,0,0,0,0,0,0,0,0,0,0,0,0,0,0,0,0,0,0,0,0
cbc01,1,1996,marh,0,x,x,x,x,x,x,x,0,x,x,x,x,x,x,x,x,0,x,x,0,0,0,x,x,0,0,x,x,x,x,x,x,x,x,x,x,x,x,x,x,0,0,x,x,x,x,x,0,x,x,x
cbc01,1,1996,blea,0,0,0,0,0,0,0,0,0,0,0,0,0,0,0,0,0,0,0,0,0,0,0,0,0,0,0,0,0,0,0,0,0,0,0,0,0,0,0,x,0,0,0,0,0,0,0,0,x,0,0,0
cbc01,1,1996,miss,0,0,0,0,0,0,0,0,0,0,0,0,0,0,0,0,0,0,0,0,0,0,0,0,0,x,x,0,x,0,0,0,0,0,0,0,0,0,0,0,0,0,0,0,0,0,0,0,0,0,0,0
cbc01,1,1996,turv,0,0,0,x,x,x,x,x,x,x,x,x,x,x,x,x,x,x,x,x,x,x,0,x,0,x,x,x,x,x,x,x,x,0,0,0,0,0,0,0,0,0,0,0,0,0,0,0,0,0,0,0
cbc01,1,1996,rngd,0,x,x,x,x,x,x,x,0,0,0,0,0,0,0,0,0,0,0,0,0,0,0,0,0,0,0,0,0,0,0,0,0,0,0,0,0,0,0,0,0,0,0,0,0,0,0,0,0,0,0,0
cbc01,1,1996,blwt,0,0,x,0,0,0,0,x,0,x,0,0,0,0,0,0,0,0,0,0,0,0,0,0,0,0,0,0,0,0,0,0,0,0,0,0,0,0,0,0,0,0,0,0,0,0,0,0,0,0,0,0
cbc01,1,1996,mall,0,x,0,0,x,x,x,x,0,x,x,x,x,x,0,0,0,0,0,0,0,0,0,0,0,0,0,0,0,0,0,0,0,x,x,0,x,0,x,x,0,0,0,0,x,0,x,0,0,0,0,x
cbc01,1,1996,wood,x,x,x,x,x,x,x,x,x,x,x,0,0,0,0,0,0,0,0,0,0,0,0,0,0,0,0,0,0,0,0,0,0,0,0,0,0,0,0,0,0,0,0,0,0,0,0,0,0,0,0,0
cbc01,1,1996,bhcb,0,x,x,0,x,x,x,x,x,x,x,x,x,x,x,x,x,x,x,x,x,0,0,x,x,x,0,x,x,x,x,x,x,x,0,x,0,0,0,0,0,0,0,0,0,x,0,0,0,0,0,0
cbc01,1,1996,cogr,0,x,x,0,x,x,x,x,x,x,x,x,x,x,x,x,x,x,x,x,0,0,0,0,x,0,x,0,x,x,0,x,x,x,x,x,x,0,x,0,0,0,0,0,0,0,0,0,0,0,0,0
cbc01,1,1996,whcs,0,0,0,0,0,0,0,0,0,0,x,0,0,0,0,0,0,0,0,0,0,0,0,0,0,0,0,0,0,0,0,x,x,x,0,x,0,0,0,0,0,0,0,0,0,0,0,0,0,0,0,0
cbc01,1,1996,wths,0,0,0,0,0,0,x,x,x,x,0,0,0,0,0,0,0,0,0,0,0,0,0,0,0,0,0,0,0,0,0,x,x,x,x,x,0,0,0,0,0,0,0,0,0,0,0,0,0,0,0,0
cbc01,1,1996,swms,0,0,0,0,0,x,0,x,0,0,0,x,0,0,0,0,0,0,0,0,0,0,0,0,0,0,0,0,0,0,0,x,x,x,0,x,0,0,0,0,0,0,0,0,0,0,0,0,0,0,0,0
cbc01,1,1996,lins,0,0,0,0,x,x,0,x,x,x,x,x,0,0,0,0,0,0,0,0,0,0,0,0,0,0,0,0,x,x,x,x,x,x,x,x,0,0,0,0,0,0,0,0,0,0,0,0,0,0,0,0
cbc01,1,1996,sogs,0,x,x,x,x,x,x,x,0,0,0,0,0,0,0,0,0,0,0,0,0,0,0,0,0,0,0,0,0,x,0,x,x,x,x,x,x,x,x,x,0,0,0,x,x,0,x,0,x,0,x,x
cbc01,1,1996,foxs,0,0,x,x,x,x,x,x,0,0,0,0,0,0,0,0,0,0,0,0,0,0,0,0,0,0,0,0,0,0,0,0,x,x,x,0,0,x,0,0,0,0,0,0,0,0,0,0,0,0,0,0
cbc01,1,1996,lecs,0,0,0,0,x,0,0,0,0,0,0,0,0,0,0,0,0,0,0,0,0,0,0,0,0,0,0,0,0,0,0,x,x,x,x,0,x,0,0,0,0,0,0,0,0,0,0,0,0,0,0,0
cbc01,1,1996,hens,0,0,0,0,0,0,0,x,x,x,x,x,x,x,x,x,x,x,x,x,x,0,0,x,0,0,0,0,0,0,0,0,0,0,0,0,0,0,0,0,0,0,0,0,0,0,0,0,0,0,0,0
cbc01,1,1996,hars,0,x,x,0,x,x,x,x,x,x,x,0,0,0,0,0,0,0,0,0,0,0,0,0,0,0,0,0,0,0,0,x,x,x,x,x,x,x,x,x,0,0,0,0,x,0,0,0,0,0,0,x
cbc01,1,1996,deju,x,x,x,x,x,x,x,x,0,0,0,0,0,0,0,0,0,0,0,0,0,0,0,0,0,0,0,0,0,0,x,x,x,x,x,x,x,x,x,x,x,0,0,x,x,x,x,x,x,x,x,x
cbc01,1,1996,orju,0,0,0,x,0,0,0,0,0,0,0,0,0,0,0,0,0,0,0,0,0,0,0,0,0,0,0,0,0,0,0,0,x,0,x,0,0,0,x,0,0,0,0,0,0,0,0,0,0,0,0,0
cbc01,1,1996,gtgr,0,0,0,0,0,0,0,x,0,0,0,0,0,x,0,0,0,0,0,0,0,0,0,0,0,0,0,0,0,0,0,0,0,0,0,0,0,0,0,0,0,0,0,0,0,0,0,0,0,0,0,0
cbc01,1,1996,brbb,0,0,0,0,0,0,0,0,x,0,0,0,0,0,0,0,0,0,0,0,0,0,0,0,0,0,0,0,0,0,0,0,0,0,0,0,0,0,0,0,0,0,0,0,0,0,0,0,0,0,0,0
cbc01,1,1996,rubb,0,0,0,0,0,0,0,0,0,0,0,0,0,0,0,0,0,0,0,0,0,0,0,0,0,0,0,0,0,0,0,0,0,0,0,0,0,x,0,0,0,0,0,0,0,0,0,0,0,0,0,0
cbc01,1,1996,yhbb,0,0,0,0,0,0,0,x,0,0,0,0,0,0,0,0,0,0,0,0,0,0,0,0,0,0,0,0,0,0,0,0,0,0,0,0,0,0,0,0,0,0,0,0,0,0,0,0,0,0,0,0
cbc01,1,1996,wmdl,0,0,0,0,0,0,0,0,0,0,0,0,0,0,0,0,0,0,0,0,0,0,0,0,0,0,0,0,0,0,0,0,0,0,x,0,x,0,0,0,0,0,0,0,0,0,0,0,0,0,0,0
cbc01,1,1996,emdl,0,x,x,x,x,x,x,x,x,x,x,x,x,x,x,x,x,x,x,x,x,0,x,x,x,x,x,0,x,x,x,x,x,x,x,x,x,x,0,0,0,0,0,x,0,0,0,0,0,0,0,0
cbc01,1,1996,rwbb,0,x,x,x,x,x,x,x,x,x,x,x,x,x,x,x,x,x,x,x,x,0,0,x,0,0,x,0,0,0,0,x,x,x,x,x,x,x,x,x,0,0,0,0,0,0,0,0,0,0,0,0
cbc01,1,1996,lapl,0,0,0,0,0,0,0,0,0,0,0,0,0,0,0,0,0,0,0,0,0,0,0,0,0,0,0,0,0,0,0,0,0,0,0,0,0,0,0,0,0,0,0,0,0,0,0,0,0,x,0,0
cbc01,1,1996,gras,0,0,x,0,0,0,x,x,x,x,x,x,x,x,x,x,x,x,x,x,x,0,x,x,x,x,x,0,x,x,0,0,0,0,0,0,0,0,0,0,0,0,0,0,0,0,0,0,0,0,0,0
cbc01,1,1996,wpip,0,0,0,0,x,0,0,0,0,0,0,0,0,0,0,0,0,0,0,0,0,0,0,0,0,0,0,0,0,0,0,0,0,0,0,0,0,0,0,0,0,0,0,0,0,0,0,0,0,0,0,0
cbc01,1,1996,rbwo,0,x,x,x,x,x,x,x,x,x,x,x,x,x,x,x,x,x,x,0,0,0,x,x,0,x,x,x,x,x,x,x,x,x,x,x,x,x,x,x,0,0,0,x,x,x,x,0,x,x,x,x
cbc01,1,1996,scre,0,x,0,0,0,0,0,0,0,0,0,0,0,0,0,0,0,0,0,0,0,0,0,0,0,0,0,0,0,0,0,0,0,0,0,0,0,0,0,0,0,0,0,0,0,0,0,0,0,0,0,0
cbc01,1,1996,ybcu,0,0,0,0,0,0,0,0,0,x,x,x,x,x,x,x,x,x,x,x,x,0,x,x,x,0,x,x,x,x,0,0,0,0,0,0,0,0,0,0,0,0,0,0,0,0,0,0,0,0,0,0
cbc01,1,1996,bbcu,0,0,0,0,0,0,0,0,0,0,x,x,0,x,x,0,x,0,x,0,0,0,0,0,0,0,0,0,0,0,0,0,0,0,0,0,0,0,0,0,0,0,0,0,0,0,0,0,0,0,0,0
cbc01,1,1996,mdov,0,0,x,0,x,x,x,x,x,x,x,x,x,x,x,x,x,x,x,x,x,0,x,x,0,x,x,x,x,x,x,x,x,x,x,0,0,0,0,0,0,0,0,0,0,0,0,0,0,0,0,0
cbc01,1,1996,rock,0,x,x,x,x,x,x,x,0,x,x,x,x,x,x,x,x,x,x,0,0,0,x,x,0,x,x,x,x,x,x,x,x,x,x,x,0,x,x,0,0,0,0,x,x,x,x,x,x,0,x,0
cbc01,1,1996,fgul,0,0,0,0,0,0,0,x,0,x,x,0,0,0,0,0,0,0,0,0,0,0,0,0,0,0,0,0,x,0,0,0,0,0,0,0,0,0,0,0,0,0,0,0,0,0,0,0,0,0,0,0
cbc01,1,1996,cock,0,x,0,0,0,0,0,0,0,0,0,x,x,x,0,0,0,x,0,0,0,0,0,0,0,0,0,0,0,0,0,0,0,0,0,0,0,0,0,0,0,0,0,0,0,0,0,0,0,0,0,x
cbc01,1,1996,snip,0,x,0,0,0,0,x,0,0,0,0,0,0,0,0,0,0,0,0,0,0,0,0,0,0,0,0,0,0,0,x,0,0,0,0,0,0,0,0,0,0,0,0,0,0,0,0,0,0,0,0,0
cbc01,1,1996,ghow,0,0,x,0,0,x,x,x,x,x,x,x,x,x,x,0,x,0,x,0,0,0,0,x,0,0,x,x,x,0,0,0,0,0,x,0,x,x,0,x,0,0,0,x,x,0,x,0,0,0,x,x
cbc01,1,1996,brow,0,x,0,0,0,x,0,x,0,x,x,0,0,0,0,0,0,0,0,0,0,0,0,0,0,0,0,0,x,0,0,0,0,0,0,0,x,0,0,0,0,0,0,x,0,0,0,0,0,0,0,x
cbc01,1,1996,seow,0,0,0,0,0,0,0,0,0,0,0,0,0,0,0,0,0,0,0,0,0,0,0,0,0,0,0,0,0,x,0,0,0,0,0,0,0,0,0,0,0,0,0,x,0,0,0,0,0,0,0,0
cbc01,1,1996,rhwo,x,0,x,x,x,x,x,x,x,x,x,x,x,x,x,x,x,x,x,0,x,0,x,x,x,x,x,x,x,x,x,x,x,x,x,x,x,x,x,x,x,0,0,x,x,0,x,0,x,0,x,0
cbc01,1,1996,belt,0,x,0,x,x,0,x,x,0,x,x,0,x,x,x,0,0,0,0,0,x,0,x,x,0,0,0,0,x,x,0,0,0,x,x,0,x,0,0,0,0,0,0,x,x,0,0,0,0,0,0,0
cbc01,1,1996,rthb,0,0,0,0,0,0,0,0,0,0,0,0,0,0,0,x,0,0,0,0,0,0,0,0,0,0,0,0,0,0,0,0,0,0,0,0,0,0,0,0,0,0,0,0,0,0,0,0,0,0,0,0
cbc01,1,1996,swif,0,0,0,0,0,0,x,x,0,x,x,x,x,x,x,0,x,x,x,0,x,0,x,0,x,x,x,x,x,x,x,x,0,0,0,0,0,0,0,0,0,0,0,0,0,0,0,0,0,0,0,0
cbc01,1,1996,whip,0,0,0,0,0,0,0,0,0,x,0,0,0,0,0,0,0,0,0,0,0,0,0,0,0,0,0,0,0,0,0,0,0,0,0,0,0,0,0,0,0,0,0,0,0,0,0,0,0,0,0,0
cbc01,1,1996,chuk,0,0,0,0,0,0,0,0,0,x,x,0,0,x,x,0,0,n,0,0,0,0,0,0,0,0,0,0,0,0,0,0,0,0,0,0,0,0,0,0,0,0,0,0,0,0,0,0,0,0,0,0
cbc01,1,1996,poor,0,0,0,0,0,0,x,x,0,x,x,x,x,x,x,0,x,x,0,0,x,0,0,x,0,0,0,0,0,0,0,0,0,0,0,0,0,0,0,0,0,0,0,0,0,0,0,0,0,0,0,0
cbc01,1,1996,nite,0,0,0,0,0,0,0,0,0,x,x,x,x,x,x,x,x,x,x,x,x,0,0,x,x,x,x,x,0,x,0,0,0,0,0,0,0,0,0,0,0,0,0,0,0,0,0,0,0,0,0,0
cbc01,1,1996,pecs,0,0,0,0,0,0,x,0,0,0,0,0,0,0,0,0,0,0,0,0,0,0,0,0,0,0,0,0,0,0,0,0,0,0,0,0,0,0,0,0,0,0,0,0,0,0,0,0,0,0,0,0
cbc01,1,1996,upld,0,0,0,0,0,0,x,x,x,x,x,x,x,x,x,x,x,x,x,x,x,0,0,x,x,x,x,0,x,0,0,0,0,0,0,0,0,0,0,0,0,0,0,0,0,0,0,0,0,0,0,0
cbc01,1,1996,merl,0,0,0,x,0,0,0,0,0,0,0,0,0,0,0,0,0,0,0,0,0,0,0,0,0,0,0,0,0,0,0,0,0,x,0,0,0,0,0,0,0,0,0,0,0,0,0,0,0,0,0,0
cbc01,1,1996,kest,0,0,x,x,x,x,x,x,x,x,x,0,x,0,x,0,0,0,x,0,x,0,0,x,x,x,x,x,x,0,x,x,x,0,x,x,0,x,0,0,0,0,0,x,x,0,0,0,0,0,0,0
cbc01,1,1996,glea,0,x,x,0,0,0,0,0,0,0,0,0,0,0,0,0,0,0,0,0,0,0,0,0,0,0,0,0,0,0,0,0,0,0,x,0,0,0,x,0,0,0,0,x,x,0,x,x,0,x,0,0
cbc01,1,1996,rlgh,0,0,0,0,0,0,0,0,0,0,0,0,0,0,0,0,0,0,0,0,0,0,0,0,0,0,0,0,x,x,x,x,0,x,x,x,0,x,x,x,x,0,0,x,x,x,0,x,0,0,0,0
cbc01,1,1996,rtlh,0,x,x,x,x,x,x,x,x,x,x,x,x,x,x,x,x,x,0,0,x,0,0,x,0,x,x,x,x,x,x,x,x,x,x,x,x,x,x,x,x,0,0,x,x,x,x,x,x,x,x,x
cbc01,1,1996,swah,0,0,0,0,x,0,x,x,x,x,x,x,0,0,0,0,0,0,0,0,0,0,0,0,0,0,0,0,0,0,0,0,0,0,0,0,0,0,0,0,0,0,0,0,0,0,0,0,0,0,0,0
cbc01,1,1996,brwh,0,0,0,0,0,0,x,0,0,0,0,0,0,0,0,0,0,0,0,0,0,0,0,0,0,0,0,0,0,0,0,0,x,0,0,0,0,0,0,0,0,0,0,0,0,0,0,0,0,0,0,0
cbc01,1,1996,gosh,0,0,0,0,0,0,0,x,0,0,0,0,0,0,0,0,0,0,0,0,0,0,0,0,0,0,0,0,0,0,0,0,0,0,0,0,0,0,0,0,0,0,0,0,0,0,0,0,0,0,0,0
cbc01,1,1996,pere,0,0,0,0,x,0,0,0,0,0,0,0,0,0,0,0,0,0,0,0,0,0,0,0,0,0,0,0,x,0,0,0,0,0,0,0,0,0,0,0,0,0,0,0,x,0,0,0,0,0,0,0
cbc01,1,1996,praf,0,0,0,0,0,0,0,0,0,0,0,0,0,0,0,0,0,0,0,0,0,0,0,0,0,0,x,0,x,0,x,0,0,0,0,0,0,0,0,0,0,0,0,0,0,0,0,0,0,0,0,0
cbc01,1,1996,phes,0,x,x,x,x,x,x,x,x,x,x,x,x,x,x,x,x,x,x,x,0,0,0,0,0,0,x,x,0,x,0,x,0,x,x,x,x,0,0,0,0,0,0,x,x,0,x,0,x,x,x,x
cbc01,1,1996,solt,0,0,0,0,0,0,0,0,0,0,0,0,0,0,0,0,0,0,0,0,0,x,0,0,0,0,0,0,0,x,0,0,0,0,0,0,0,0,0,0,0,0,0,0,0,0,0,0,0,0,0,0
cbc01,1,1996,gyel,0,0,0,0,0,0,x,0,0,0,0,0,0,0,0,0,0,0,0,0,0,0,0,0,0,0,0,0,0,0,0,0,0,0,0,0,0,0,0,0,0,0,0,0,0,0,0,0,0,0,0,0
cbc01,1,1996,kill,0,0,x,x,x,x,x,x,x,x,x,x,x,x,x,x,x,0,x,0,x,0,0,x,0,x,x,0,x,x,0,0,x,0,0,0,0,0,0,0,0,0,0,0,0,0,0,0,0,0,0,0
cbc01,1,1996,gopl,0,0,0,0,0,0,x,x,0,x,x,0,0,0,0,0,0,0,0,0,0,0,0,0,0,0,0,0,0,0,0,0,0,0,0,0,0,0,0,0,0,0,0,0,0,0,0,0,0,0,0,0
cbc01,1,1996,sora,0,0,0,0,0,0,0,0,0,0,0,x,0,0,0,0,0,0,0,0,0,0,0,0,0,0,0,0,0,0,0,0,0,0,0,0,0,0,0,0,0,0,0,0,0,0,0,0,0,0,0,0
cbc01,1,1996,bobw,0,0,x,x,x,x,x,x,x,x,x,x,x,x,x,x,x,x,x,x,x,0,x,x,x,x,x,x,x,x,x,x,x,x,x,0,x,x,x,x,x,0,0,x,x,x,x,0,x,0,0,0
cbc01,1,1996,turk,0,0,0,0,x,x,x,x,0,x,x,0,x,x,x,x,x,0,0,x,x,0,0,0,x,x,0,0,0,0,x,x,x,0,0,0,0,0,0,0,0,0,0,0,0,0,0,0,0,0,0,0
cbc01,1,1996,gchk,0,x,x,x,x,x,x,x,x,x,x,x,x,x,x,x,x,x,x,x,x,0,0,x,x,x,x,x,x,x,x,x,x,x,x,0,0,x,0,x,0,0,0,x,x,x,x,x,x,0,x,x
cbc01,1,1996,coop,0,x,x,0,0,0,x,0,0,x,0,0,0,x,0,x,0,x,0,0,0,0,0,0,0,0,0,0,0,0,0,0,0,x,0,0,0,0,0,0,0,0,0,0,x,x,x,0,0,0,0,0
cbc01,1,1996,down,0,x,x,x,x,x,x,x,x,x,x,x,x,x,x,0,0,x,x,0,x,0,x,x,0,x,x,x,x,x,x,x,x,x,x,x,x,x,x,x,0,0,0,x,x,x,x,0,x,x,x,x
cbc01,1,1996,thra,0,0,0,0,0,0,x,x,x,x,x,n,x,x,x,x,x,x,x,x,x,0,x,x,0,x,x,x,x,x,0,x,x,0,0,0,0,0,0,0,0,0,0,0,0,0,0,0,0,0,0,0
cbc01,1,1996,wwrn,0,0,0,0,0,0,0,0,0,0,0,0,0,0,0,0,0,0,0,0,0,0,0,0,0,0,0,0,0,0,0,0,0,x,x,x,x,x,x,x,0,0,0,x,0,0,0,0,0,0,0,0
cbc01,1,1996,hwrn,0,0,0,0,0,0,x,x,x,x,x,x,x,x,x,x,x,x,x,x,0,0,x,x,0,x,0,x,0,x,x,x,0,0,0,0,0,0,0,0,0,0,0,0,0,0,0,0,0,0,0,0
cbc01,1,1996,bwrn,0,x,x,x,x,x,x,x,x,x,x,x,x,x,x,x,x,x,x,x,x,0,x,x,0,x,x,x,x,x,0,x,x,x,0,0,0,0,x,0,0,0,0,0,0,0,x,0,0,0,0,0
cbc01,1,1996,cwrn,x,x,x,x,x,x,x,x,x,x,x,x,x,x,x,x,x,x,0,x,x,0,0,x,0,x,x,x,x,x,x,x,x,x,x,x,x,x,x,0,0,0,0,x,x,0,x,0,x,0,x,x
cbc01,1,1996,brcp,0,0,0,0,x,0,0,0,0,0,0,0,0,0,0,0,0,0,0,0,0,0,0,0,0,0,0,0,0,0,x,0,x,0,x,0,x,x,0,0,0,0,0,x,x,0,x,0,x,0,0,0
cbc01,1,1996,wnut,0,x,x,x,x,x,x,x,x,x,x,x,x,x,x,x,x,0,x,x,x,0,x,x,0,x,x,x,x,x,x,x,x,x,x,x,x,x,x,x,0,0,0,x,x,x,x,0,x,x,x,x
cbc01,1,1996,rnut,0,0,0,0,0,0,0,0,0,0,0,0,0,0,0,0,0,0,0,0,0,0,0,0,0,0,0,0,0,0,x,0,0,0,0,0,0,0,0,0,0,0,0,0,0,0,0,0,0,0,0,0
cbc01,1,1996,tuft,0,x,x,x,x,x,x,x,x,x,x,x,x,x,x,x,x,x,x,0,x,0,x,x,0,x,x,x,x,x,x,x,x,x,x,x,x,x,x,x,x,0,0,x,x,x,x,0,x,x,x,x
cbc01,1,1996,swrn,0,0,0,0,0,0,0,x,0,0,x,0,0,0,x,0,0,0,x,x,x,0,x,x,x,x,0,0,0,0,0,0,x,x,0,0,0,0,0,0,0,0,0,0,0,0,0,0,0,0,0,0
cbc01,1,1996,mwrn,0,0,0,0,0,0,0,0,0,0,x,0,0,0,0,0,0,0,0,0,0,0,0,0,0,0,0,0,0,0,0,0,0,0,0,0,0,0,0,0,0,0,0,0,0,0,0,0,0,0,0,0
cbc01,1,1996,gckt,0,0,0,x,x,0,0,0,0,0,0,0,0,0,0,0,0,0,0,0,0,0,0,0,0,0,0,0,0,0,0,0,0,x,x,0,x,x,x,x,0,0,0,x,x,0,x,0,0,0,0,0
cbc01,1,1996,mock,0,0,0,0,0,x,x,x,0,x,x,x,x,x,x,x,x,x,x,x,0,0,0,x,0,0,0,x,0,x,0,0,0,0,0,0,0,0,0,0,0,0,0,0,0,0,0,0,0,0,0,0
cbc01,1,1996,catb,0,0,0,0,0,0,0,0,0,x,x,x,x,x,x,x,x,0,x,x,x,0,0,0,0,0,x,x,0,0,0,0,0,0,0,0,0,0,0,0,0,0,0,0,0,0,0,0,0,0,0,0
cbc01,1,1996,robn,0,x,x,x,x,x,x,x,x,x,x,x,x,x,x,x,x,x,x,x,x,0,x,x,x,x,x,x,x,x,x,x,x,x,x,x,x,x,x,x,0,0,0,x,x,0,x,0,x,x,0,x
cbc01,1,1996,wthr,0,0,0,0,0,0,0,0,0,0,x,0,0,0,x,0,0,0,0,x,0,0,0,0,0,0,0,0,0,0,0,0,0,0,0,0,0,0,0,0,0,0,0,0,0,0,0,0,0,0,0,0
cbc01,1,1996,sthr,0,0,0,0,0,0,0,0,0,x,x,x,0,0,0,0,0,0,0,0,0,0,0,0,0,0,0,0,0,0,0,0,0,0,0,0,0,0,0,0,0,0,0,0,0,0,0,0,0,0,0,0
cbc01,1,1996,eblu,0,x,x,x,x,x,x,x,x,x,x,x,x,x,x,x,x,x,x,x,x,0,x,x,x,x,x,x,x,x,x,x,x,x,x,0,x,x,x,x,0,0,0,x,x,0,x,0,x,x,x,x
cbc01,1,1996,bggn,0,0,0,0,x,x,x,n,n,x,x,x,x,x,x,x,0,x,x,0,x,0,x,x,0,x,0,0,0,0,0,x,0,0,0,0,0,0,0,0,0,0,0,0,0,0,0,0,0,0,0,0
cbc01,1,1996,rckt,0,0,0,0,x,x,x,x,x,0,x,0,0,0,0,0,0,0,0,0,0,0,0,0,0,0,0,0,x,x,x,x,x,x,0,0,0,0,0,0,0,0,0,0,0,0,0,0,0,0,0,0
cbc01,1,1996,chik,0,x,x,x,x,x,x,x,x,x,x,x,x,x,x,x,x,x,x,0,x,0,x,x,0,x,x,x,x,x,x,x,x,x,x,x,x,x,x,x,x,0,0,x,x,x,x,0,x,x,x,x
cbc01,1,1996,crow,0,x,n,x,x,x,x,x,x,x,x,x,x,x,x,x,x,x,x,x,x,0,x,x,x,x,x,x,x,x,x,x,x,x,x,x,x,x,x,x,0,0,0,x,x,x,x,x,x,x,x,x
cbc01,1,1996,gcfc,0,0,0,0,0,0,0,x,x,x,x,n,x,x,x,x,x,x,x,x,x,0,x,x,0,x,x,x,0,0,0,0,0,0,0,0,0,0,0,0,0,0,0,0,0,0,0,0,0,0,0,0
cbc01,1,1996,phob,0,x,x,x,x,x,x,n,x,x,x,n,n,n,x,x,x,x,x,0,x,0,0,x,0,x,x,x,x,x,x,x,x,x,0,0,0,0,0,0,0,0,0,0,0,0,0,0,0,0,0,0
cbc01,1,1996,ltfc,0,0,0,0,0,0,0,0,0,x,x,0,x,0,0,0,0,0,0,0,0,0,0,0,0,x,x,x,x,0,0,0,0,0,0,0,0,0,0,0,0,0,0,0,0,0,0,0,0,0,0,0
cbc01,1,1996,wifc,0,0,0,0,0,0,0,0,0,0,x,0,0,0,0,x,0,0,0,0,0,0,0,0,0,0,0,0,0,0,0,0,0,0,0,0,0,0,0,0,0,0,0,0,0,0,0,0,0,0,0,0
cbc01,1,1996,ewpw,0,0,0,0,0,0,0,0,0,x,x,x,x,x,x,x,x,x,x,x,x,0,x,x,0,x,x,x,x,0,0,0,0,0,0,0,0,0,0,0,0,0,0,0,0,0,0,0,0,0,0,0
cbc01,1,1996,osfc,0,0,0,0,0,0,0,0,0,x,0,0,0,0,0,0,0,0,0,0,0,0,x,x,0,0,x,0,0,0,0,0,0,0,0,0,0,0,0,0,0,0,0,0,0,0,0,0,0,0,0,0
cbc01,1,1996,rlik,0,x,0,x,0,0,0,0,0,0,0,0,0,0,0,0,0,0,0,0,0,0,0,0,0,0,0,0,x,0,0,x,x,x,0,0,x,x,0,0,0,0,0,0,0,0,0,0,0,0,0,0
cbc01,1,1996,flik,0,x,x,x,x,x,x,x,x,x,x,x,x,x,x,x,x,x,x,x,x,0,x,x,x,x,x,x,x,x,x,x,x,x,x,x,x,x,x,x,0,0,0,x,x,x,x,0,x,x,x,x
cbc01,1,1996,wkng,0,0,0,0,0,0,0,0,0,x,x,x,x,0,n,x,0,x,x,n,0,0,0,x,x,0,x,0,0,0,0,0,0,0,0,0,0,0,0,0,0,0,0,0,0,0,0,0,0,0,0,0
cbc01,1,1996,ekng,0,0,0,0,0,0,0,x,x,x,x,x,x,x,x,x,x,x,x,x,x,0,x,x,x,x,x,x,x,0,0,0,0,0,0,0,0,0,0,0,0,0,0,0,0,0,0,0,0,0,0,0
cbc01,1,1996,stfc,0,0,0,0,0,0,0,0,0,0,x,x,x,x,x,x,x,x,0,x,0,0,0,0,0,0,0,0,x,0,0,0,0,0,0,0,0,0,0,0,0,0,0,0,0,0,0,0,0,0,0,0
cbc01,1,1996,magp,0,0,0,0,0,0,0,0,0,0,0,0,0,0,0,0,0,0,0,0,0,0,x,0,0,0,0,0,0,0,0,0,0,0,0,0,0,0,0,0,0,0,0,0,0,0,0,0,0,0,0,0
cbc01,1,1996,bluj,0,x,x,x,x,x,n,x,x,x,x,x,x,x,x,x,x,x,x,x,x,0,x,x,0,x,x,x,x,x,x,x,x,x,x,x,x,x,x,x,x,0,0,x,x,0,x,0,x,x,x,0
cbc01,1,1996,basw,0,0,0,0,0,0,x,x,0,x,x,x,x,x,x,x,x,x,x,x,x,0,x,x,x,x,x,x,x,x,x,x,x,0,0,0,0,0,0,0,0,0,0,0,0,0,0,0,0,0,0,0
cbc01,1,1996,cfsw,0,0,0,0,0,0,0,0,0,x,0,x,x,0,0,0,0,x,x,x,x,0,0,0,0,0,0,0,0,0,0,0,0,0,0,0,0,0,0,0,0,0,0,0,0,0,0,0,0,0,0,0
cbc01,1,1996,bnsw,0,0,0,0,0,0,0,0,0,0,x,0,0,0,0,0,0,0,0,0,0,0,0,0,0,0,0,0,0,0,0,0,0,0,0,0,0,0,0,0,0,0,0,0,0,0,0,0,0,0,0,0
cbc01,1,1996,rwsw,0,0,0,0,0,x,x,x,x,x,x,x,x,x,x,0,x,0,x,x,x,0,0,x,0,0,0,0,0,0,0,x,0,0,0,0,0,0,0,0,0,0,0,0,0,0,0,0,0,0,0,0
cbc01,1,1996,pmar,0,0,0,0,0,0,0,0,0,x,x,0,0,0,0,0,0,0,0,0,0,0,0,x,x,0,0,0,0,0,0,0,0,0,0,0,0,0,0,0,0,0,0,0,0,0,0,0,0,0,0,0
cbc01,1,1996,lark,0,0,0,0,0,0,0,0,0,0,0,x,0,0,0,0,0,0,0,0,0,0,0,0,0,0,0,0,0,0,0,0,0,0,0,0,0,0,0,0,0,0,0,0,0,0,0,0,0,0,0,0
cbc01,1,1996,hair,0,x,x,x,x,x,x,x,x,x,x,0,x,x,0,0,0,0,x,0,0,0,0,0,0,0,0,x,x,x,x,x,x,x,0,x,x,x,x,0,0,0,0,x,x,x,x,0,x,x,x,x
